client_id,registration_date,age,income_monthly,segment,risk_score,cohort,ultima_transaccion,dias_activo,dias_inactivo,balance_actual,churned
1001,2021-05-07,27,4250000,retail,0.321,2021-05,2024-12-19,1322,12,16000000,0
1002,2024-02-04,47,6350000,premium,0.414,2024-02,2024-12-25,325,6,22000000,0
1003,2023-10-06,32,3800000,retail,0.223,2023-10,2024-12-10,431,21,6900000,0
1004,2022-08-27,34,3750000,retail,0.1,2022-08,2024-12-02,828,29,9250000,0
1005,2023-10-11,30,3900000,retail,0.154,2023-10,2024-12-21,437,10,13000000,0
1006,2021-02-20,37,3700000,retail,0.221,2021-02,2024-08-24,1281,129,0,1
1007,2023-11-19,36,5200000,retail,0.22,2023-11,2024-11-29,376,32,7300000,0
1008,2023-02-18,29,16800000,premium,0.537,2023-02,2024-12-28,679,3,108300000,0
1009,2023-03-25,35,2250000,retail,0.033,2023-03,2024-06-16,449,198,0,1
1010,2022-02-24,38,3000000,retail,0.276,2022-02,2024-12-02,1012,29,9850000,0
1011,2024-04-20,31,2850000,retail,0.3,2024-04,2024-12-29,253,2,3800000,0
1012,2023-09-10,44,7750000,premium,0.647,2023-09,2024-12-27,474,4,40500000,0
1013,2023-04-05,48,10350000,premium,0.503,2023-04,2024-12-31,636,0,39400000,0
1014,2023-10-22,30,4750000,retail,0.2,2023-10,2024-11-15,390,46,13250000,0
1015,2022-07-21,30,5100000,retail,0.078,2022-07,2024-12-19,882,12,11550000,0
1016,2022-01-06,39,2050000,retail,0.379,2022-01,2024-09-02,970,120,0,1
1017,2023-07-25,40,1950000,retail,0.23,2023-07,2024-11-21,485,40,4400000,0
1018,2022-10-23,41,7900000,retail,0.223,2022-10,2024-12-16,785,15,26300000,0
1019,2023-08-27,39,1500000,retail,0.17,2023-08,2024-12-10,471,21,2950000,0
1020,2024-03-06,40,8600000,retail,0.162,2024-03,2024-12-30,299,1,31250000,0
1021,2021-07-21,30,3450000,retail,0.283,2021-07,2024-12-23,1251,8,7600000,0
1022,2021-11-09,24,3950000,retail,0.177,2021-11,2024-10-13,1069,79,10650000,0
1023,2021-04-27,41,4650000,retail,0.395,2021-04,2024-12-03,1316,28,21700000,0
1024,2023-07-26,54,3550000,retail,0.289,2023-07,2024-07-21,361,163,7950000,0
1025,2022-07-29,21,3750000,retail,0.258,2022-07,2024-12-29,884,2,5250000,0
1026,2021-09-01,20,2850000,retail,0.196,2021-09,2024-11-30,1186,31,4950000,0
1027,2022-06-21,44,4000000,retail,0.0,2022-06,2024-03-24,642,282,0,1
1028,2021-03-16,34,7250000,retail,0.05,2021-03,2024-12-21,1376,10,16850000,0
1029,2022-01-21,31,5800000,retail,0.288,2022-01,2024-12-29,1073,2,18550000,0
1030,2024-05-18,33,4050000,retail,0.238,2024-05,2024-12-24,220,7,4850000,0
1031,2022-04-20,24,2900000,retail,0.359,2022-04,2024-12-23,978,8,5700000,0
1032,2022-02-22,23,3350000,retail,0.079,2022-02,2024-11-13,995,48,6150000,0
1033,2021-12-13,35,2250000,retail,0.153,2021-12,2024-12-27,1110,4,7250000,0
1034,2022-10-02,56,12450000,premium,0.534,2022-10,2024-11-27,787,34,49250000,0
1035,2023-07-28,42,15550000,premium,0.438,2023-07,2024-12-19,510,12,46900000,0
1036,2023-08-13,36,11850000,premium,0.297,2023-08,2024-12-28,503,3,49700000,0
1037,2023-05-26,27,6550000,retail,0.287,2023-05,2024-12-26,580,5,29850000,0
1038,2023-02-02,25,3600000,retail,0.207,2023-02,2024-09-09,585,113,0,1
1039,2024-04-17,35,4100000,retail,0.24,2024-04,2024-12-28,255,3,9950000,0
1040,2024-04-20,28,2450000,retail,0.302,2024-04,2024-12-25,249,6,6250000,0
1041,2022-10-26,29,4300000,retail,0.365,2022-10,2024-12-28,794,3,10450000,0
1042,2021-01-25,31,4800000,retail,0.054,2021-01,2024-10-10,1354,82,10550000,0
1043,2024-04-18,36,1400000,retail,0.146,2024-04,2024-12-26,252,5,3500000,0
1044,2022-12-11,43,30300000,premium,0.581,2022-12,2024-12-25,745,6,80500000,0
1045,2024-03-30,42,4150000,retail,0.037,2024-03,2024-12-22,267,9,6300000,0
1046,2021-06-26,25,4250000,retail,0.18,2021-06,2024-12-17,1270,14,6500000,0
1047,2021-10-12,38,3150000,retail,0.224,2021-10,2024-12-26,1171,5,8250000,0
1048,2021-03-04,35,6400000,retail,0.234,2021-03,2024-12-31,1398,0,9050000,0
1049,2023-09-30,26,2300000,retail,0.241,2023-09,2024-12-22,449,9,750000,0
1050,2022-10-24,37,4200000,retail,0.167,2022-10,2024-12-23,791,8,4950000,0
1051,2022-10-28,49,14200000,premium,0.514,2022-10,2024-12-05,769,26,22650000,0
1052,2021-06-05,29,4150000,retail,0.402,2021-06,2024-12-14,1288,17,7450000,0
1053,2023-12-09,34,9850000,premium,0.322,2023-12,2024-12-28,385,3,33900000,0
1054,2023-08-25,45,9350000,premium,0.494,2023-08,2024-12-17,480,14,15750000,0
1055,2023-04-29,50,1650000,retail,0.381,2023-04,2024-11-01,552,60,4250000,0
1056,2024-01-13,38,7200000,premium,0.436,2024-01,2024-11-27,319,34,20050000,0
1057,2022-11-20,28,2700000,retail,0.17,2022-11,2024-12-09,750,22,8200000,0
1058,2021-05-28,23,4750000,retail,0.165,2021-05,2024-06-25,1124,189,0,1
1059,2021-12-08,29,3750000,retail,0.281,2021-12,2024-10-29,1056,63,8250000,0
1060,2022-04-21,29,2650000,retail,0.424,2022-04,2024-05-26,766,219,0,1
1061,2023-12-23,44,5050000,retail,0.195,2023-12,2024-12-04,347,27,8100000,0
1062,2022-07-15,20,1600000,retail,0.323,2022-07,2024-12-13,882,18,4100000,0
1063,2021-11-23,49,8700000,premium,0.33,2021-11,2024-12-30,1133,1,28750000,0
1064,2024-03-10,21,5300000,retail,0.418,2024-03,2024-03-19,9,287,0,1
1065,2023-09-17,34,3850000,retail,0.063,2023-09,2024-09-27,376,95,0,1
1066,2021-08-03,38,2050000,retail,0.139,2021-08,2024-07-13,1075,171,0,1
1067,2022-03-11,21,6600000,retail,0.376,2022-03,2024-12-17,1012,14,24350000,0
1068,2023-08-10,31,6350000,premium,0.205,2023-08,2024-09-21,408,101,0,1
1069,2022-12-24,25,8050000,retail,0.321,2022-12,2024-12-23,730,8,30300000,0
1070,2021-02-01,45,17000000,premium,0.325,2021-02,2024-12-31,1429,0,37400000,0
1071,2022-11-01,34,2750000,retail,0.202,2022-11,2024-12-25,785,6,6850000,0
1072,2021-10-12,37,1900000,retail,0.158,2021-10,2024-08-26,1049,127,750000,0
1073,2022-03-05,25,4700000,retail,0.553,2022-03,2024-05-12,799,233,0,1
1074,2021-10-13,32,10100000,premium,0.403,2021-10,2024-10-13,1096,79,23250000,0
1075,2024-03-13,31,2850000,retail,0.421,2024-03,2024-12-30,292,1,9650000,0
1076,2023-11-09,20,2700000,retail,0.37,2023-11,2024-12-14,401,17,8150000,0
1077,2021-01-18,27,3750000,retail,0.204,2021-01,2024-11-28,1410,33,7050000,0
1078,2023-02-08,33,4050000,retail,0.24,2023-02,2024-12-21,682,10,7700000,0
1079,2022-08-13,28,4300000,retail,0.263,2022-08,2024-05-01,627,244,0,1
1080,2024-04-13,22,1700000,retail,0.329,2024-04,2024-12-23,254,8,4050000,0
1081,2023-10-07,25,8800000,premium,0.464,2023-10,2024-12-29,449,2,44250000,0
1082,2021-07-13,27,4800000,retail,0.503,2021-07,2024-09-29,1174,93,14100000,0
1083,2022-05-17,28,3900000,retail,0.411,2022-05,2024-05-08,722,237,0,1
1084,2023-09-15,38,2650000,retail,0.204,2023-09,2024-08-14,334,139,0,1
1085,2024-02-11,35,5250000,retail,0.407,2024-02,2024-12-10,303,21,13700000,0
1086,2021-04-24,24,3550000,retail,0.309,2021-04,2024-06-25,1158,189,0,1
1087,2024-05-30,28,2200000,retail,0.432,2024-05,2024-12-28,212,3,11950000,0
1088,2023-08-05,22,2150000,retail,0.305,2023-08,2024-12-20,503,11,4700000,0
1089,2023-04-11,42,5350000,premium,0.497,2023-04,2024-12-29,628,2,23000000,0
1090,2023-07-14,29,4850000,retail,0.29,2023-07,2024-12-02,507,29,14550000,0
1091,2021-02-24,36,2850000,retail,0.211,2021-02,2024-12-07,1382,24,1200000,0
1092,2023-03-11,44,7450000,retail,0.22,2023-03,2024-12-11,641,20,7350000,0
1093,2023-02-17,33,1300000,retail,0.12,2023-02,2024-07-10,509,174,0,1
1094,2021-06-11,39,1400000,retail,0.152,2021-06,2024-07-31,1146,153,0,1
1095,2021-03-28,43,5400000,retail,0.174,2021-03,2024-12-11,1354,20,8450000,0
1096,2021-02-24,45,3900000,retail,0.228,2021-02,2024-12-18,1393,13,7050000,0
1097,2024-04-16,30,2900000,retail,0.196,2024-04,2024-12-08,236,23,4150000,0
1098,2023-10-29,29,5200000,retail,0.441,2023-10,2024-09-12,319,110,0,1
1099,2023-04-13,37,3650000,retail,0.302,2023-04,2024-12-28,625,3,3750000,0
1100,2021-11-09,27,10000000,retail,0.276,2021-11,2024-11-19,1106,42,41650000,0
1101,2023-01-29,39,1850000,retail,0.366,2023-01,2024-12-14,685,17,4800000,0
1102,2022-03-19,29,5100000,retail,0.525,2022-03,2024-12-22,1009,9,22300000,0
1103,2021-11-24,27,4050000,retail,0.055,2021-11,2024-12-22,1124,9,6500000,0
1104,2023-12-14,39,900000,retail,0.312,2023-12,2024-11-16,338,45,4000000,0
1105,2023-01-31,41,10650000,premium,0.367,2023-01,2024-12-16,685,15,45400000,0
1106,2024-06-16,30,3950000,retail,0.296,2024-06,2024-12-31,198,0,6200000,0
1107,2024-06-06,37,3700000,retail,0.349,2024-06,2024-12-30,207,1,13900000,0
1108,2022-08-02,30,4500000,retail,0.095,2022-08,2024-11-10,831,51,3850000,0
1109,2023-12-11,33,3200000,retail,0.0,2023-12,2024-09-27,291,95,0,1
1110,2023-10-04,23,1850000,retail,0.4,2023-10,2024-11-21,414,40,5200000,0
1111,2021-04-06,23,3900000,retail,0.316,2021-04,2024-11-23,1327,38,10450000,0
1112,2024-01-17,32,1950000,retail,0.0,2024-01,2024-12-31,349,0,4250000,0
1113,2024-01-07,46,20400000,premium,0.754,2024-01,2024-12-13,341,18,45750000,0
1114,2024-02-18,37,5050000,premium,0.525,2024-02,2024-12-29,315,2,13400000,0
1115,2023-03-25,28,4950000,retail,0.38,2023-03,2024-12-30,646,1,8700000,0
1116,2022-05-06,45,7250000,premium,0.614,2022-05,2024-12-30,969,1,52850000,0
1117,2022-03-28,52,20200000,premium,0.3,2022-03,2024-12-13,991,18,54150000,0
1118,2021-06-14,27,2600000,retail,0.316,2021-06,2024-12-06,1271,25,6050000,0
1119,2021-07-01,37,8750000,premium,0.292,2021-07,2024-12-31,1279,0,51900000,0
1120,2022-04-14,39,4150000,retail,0.127,2022-04,2024-12-08,969,23,4300000,0
1121,2023-06-29,48,14900000,premium,0.496,2023-06,2024-11-12,502,49,60850000,0
1122,2023-01-05,54,6850000,premium,0.17,2023-01,2024-12-28,723,3,34550000,0
1123,2023-04-03,35,1450000,retail,0.124,2023-04,2024-03-15,347,291,0,1
1124,2023-08-02,23,3400000,retail,0.189,2023-08,2024-11-28,484,33,8850000,0
1125,2021-01-07,35,3350000,retail,0.217,2021-01,2024-12-04,1427,27,4750000,0
1126,2021-11-26,29,3000000,retail,0.369,2021-11,2024-09-04,1013,118,0,1
1127,2023-02-14,51,9250000,premium,0.459,2023-02,2024-12-10,665,21,11350000,0
1128,2021-05-31,54,15700000,premium,0.49,2021-05,2024-12-31,1310,0,60150000,0
1129,2024-01-14,36,2150000,retail,0.365,2024-01,2024-11-04,295,57,8200000,0
1130,2021-05-27,39,2850000,retail,0.273,2021-05,2024-12-16,1299,15,2050000,0
1131,2023-07-04,24,4300000,retail,0.526,2023-07,2024-05-15,316,230,0,1
1132,2022-12-01,23,2600000,retail,0.314,2022-12,2024-07-26,603,158,0,1
1133,2021-03-23,32,8500000,retail,0.179,2021-03,2024-05-04,1138,241,0,1
1134,2022-05-29,28,2900000,retail,0.373,2022-05,2024-12-26,942,5,15700000,0
1135,2023-03-26,47,6300000,premium,0.424,2023-03,2024-12-24,639,7,34050000,0
1136,2022-12-10,36,5650000,retail,0.422,2022-12,2024-11-21,712,40,12550000,0
1137,2023-01-16,30,5300000,retail,0.336,2023-01,2024-12-23,707,8,13800000,0
1138,2023-10-20,35,2600000,retail,0.29,2023-10,2024-12-31,438,0,4550000,0
1139,2022-12-08,31,3000000,retail,0.216,2022-12,2024-12-22,745,9,7600000,0
1140,2022-04-16,41,11800000,premium,0.401,2022-04,2024-12-01,960,30,27700000,0
1141,2024-02-17,46,13850000,premium,0.534,2024-02,2024-12-30,317,1,24300000,0
1142,2022-01-31,20,3350000,retail,0.165,2022-01,2024-08-16,928,137,1100000,0
1143,2021-09-18,22,3150000,retail,0.484,2021-09,2024-12-20,1189,11,11000000,0
1144,2023-03-16,32,5150000,retail,0.179,2023-03,2024-12-23,648,8,2850000,0
1145,2023-07-23,32,3900000,retail,0.237,2023-07,2024-07-02,345,182,0,1
1146,2023-06-24,38,5700000,retail,0.091,2023-06,2024-12-25,550,6,9650000,0
1147,2024-06-03,32,3650000,retail,0.287,2024-06,2024-12-25,205,6,11000000,0
1148,2023-12-13,33,2800000,retail,0.146,2023-12,2024-11-19,342,42,7200000,0
1149,2023-07-29,27,1400000,retail,0.378,2023-07,2024-12-03,493,28,4850000,0
1150,2023-05-04,25,1700000,retail,0.391,2023-05,2024-12-29,605,2,5800000,0
1151,2022-08-16,50,11950000,premium,0.372,2022-08,2024-12-21,858,10,23200000,0
1152,2022-12-15,32,2650000,retail,0.065,2022-12,2024-03-18,459,288,0,1
1153,2024-03-27,33,2500000,retail,0.384,2024-03,2024-08-14,140,139,0,1
1154,2022-09-24,34,3850000,retail,0.177,2022-09,2024-08-24,700,129,0,1
1155,2021-02-28,35,7400000,premium,0.477,2021-02,2024-11-08,1349,53,23400000,0
1156,2021-05-08,39,3450000,retail,0.258,2021-05,2024-12-07,1309,24,7800000,0
1157,2023-01-06,27,3000000,retail,0.15,2023-01,2024-12-15,709,16,4450000,0
1158,2022-12-22,25,3400000,retail,0.356,2022-12,2024-12-21,730,10,16500000,0
1159,2024-02-13,38,3450000,retail,0.212,2024-02,2024-12-26,317,5,6500000,0
1160,2024-05-17,49,4150000,retail,0.123,2024-05,2024-12-27,224,4,7800000,0
1161,2022-06-10,34,2450000,retail,0.061,2022-06,2024-09-14,827,108,1350000,0
1162,2022-06-05,31,2550000,retail,0.273,2022-06,2024-11-20,899,41,8850000,0
1163,2022-07-06,20,5150000,retail,0.435,2022-07,2024-11-05,853,56,10000000,0
1164,2021-08-25,29,2600000,retail,0.321,2021-08,2024-12-10,1203,21,8150000,0
1165,2024-05-09,34,4300000,retail,0.028,2024-05,2024-12-22,227,9,5350000,0
1166,2024-06-12,39,11000000,premium,0.323,2024-06,2024-12-30,201,1,38800000,0
1167,2022-05-09,38,3050000,retail,0.148,2022-05,2024-12-28,964,3,2250000,0
1168,2021-01-04,35,1800000,retail,0.388,2021-01,2024-12-31,1457,0,5300000,0
1169,2022-10-28,24,4450000,retail,0.27,2022-10,2024-10-02,705,90,10150000,0
1170,2022-03-18,23,3850000,retail,0.244,2022-03,2024-05-21,795,224,0,1
1171,2021-01-29,31,3050000,retail,0.0,2021-01,2024-10-10,1350,82,5600000,0
1172,2024-02-07,27,5050000,retail,0.221,2024-02,2024-12-22,319,9,15600000,0
1173,2022-09-02,45,3950000,retail,0.052,2022-09,2024-12-02,822,29,3450000,0
1174,2023-03-16,35,2650000,retail,0.08,2023-03,2024-11-19,614,42,2950000,0
1175,2021-03-16,24,3450000,retail,0.314,2021-03,2024-10-22,1316,70,14100000,0
1176,2023-04-18,26,1700000,retail,0.252,2023-04,2024-09-28,529,94,0,1
1177,2024-03-15,38,4900000,retail,0.404,2024-03,2024-12-30,290,1,20850000,0
1178,2021-05-08,26,3850000,retail,0.429,2021-05,2024-12-29,1331,2,5550000,0
1179,2021-02-11,49,12050000,premium,0.377,2021-02,2024-11-29,1387,32,59600000,0
1180,2021-02-10,24,3200000,retail,0.19,2021-02,2024-12-27,1416,4,3350000,0
1181,2023-07-23,42,3850000,retail,0.366,2023-07,2024-11-06,472,55,4500000,0
1182,2021-02-03,36,4000000,retail,0.399,2021-02,2024-11-29,1395,32,6600000,0
1183,2023-11-07,36,8300000,premium,0.187,2023-11,2024-12-12,401,19,7350000,0
1184,2024-03-22,44,15900000,premium,0.461,2024-03,2024-12-24,277,7,50550000,0
1185,2023-09-25,40,2500000,retail,0.17,2023-09,2024-10-19,390,73,4850000,0
1186,2022-08-11,36,5650000,retail,0.278,2022-08,2024-12-10,852,21,10450000,0
1187,2021-12-08,35,21500000,premium,0.683,2021-12,2024-12-31,1119,0,96250000,0
1188,2021-01-27,44,10000000,retail,0.142,2021-01,2024-12-22,1425,9,16750000,0
1189,2022-10-08,34,3850000,retail,0.0,2022-10,2024-08-13,675,140,0,1
1190,2023-01-01,38,4800000,retail,0.269,2023-01,2024-12-05,704,26,10000000,0
1191,2021-06-17,40,4800000,retail,0.367,2021-06,2024-11-23,1255,38,14400000,0
1192,2022-09-02,41,19050000,premium,0.414,2022-09,2024-12-31,851,0,13750000,0
1193,2021-09-25,34,11050000,premium,0.365,2021-09,2024-11-17,1149,44,16200000,0
1194,2023-04-01,43,2100000,retail,0.148,2023-04,2024-12-28,637,3,4200000,0
1195,2022-03-31,28,4600000,retail,0.402,2022-03,2024-07-13,835,171,0,1
1196,2023-06-25,35,2450000,retail,0.145,2023-06,2024-09-01,434,121,0,1
1197,2023-07-11,30,2200000,retail,0.239,2023-07,2024-12-08,516,23,9700000,0
1198,2023-09-08,48,9800000,premium,0.453,2023-09,2024-12-01,450,30,24600000,0
1199,2022-12-03,54,11400000,premium,0.361,2022-12,2024-12-15,743,16,73200000,0
1200,2022-09-26,31,3100000,retail,0.284,2022-09,2024-12-31,827,0,10150000,0
1201,2021-05-10,31,3650000,retail,0.143,2021-05,2024-12-29,1329,2,7650000,0
1202,2023-10-17,50,3050000,retail,0.148,2023-10,2024-12-15,425,16,4450000,0
1203,2023-03-30,30,3600000,retail,0.296,2023-03,2024-11-29,610,32,8650000,0
1204,2022-11-24,49,5800000,premium,0.332,2022-11,2024-12-01,738,30,13500000,0
1205,2023-03-05,36,2500000,retail,0.094,2023-03,2024-12-28,664,3,7250000,0
1206,2021-01-29,36,2850000,retail,0.049,2021-01,2024-12-18,1419,13,200000,0
1207,2021-05-29,20,4050000,retail,0.402,2021-05,2024-10-27,1247,65,4250000,0
1208,2021-01-11,35,2800000,retail,0.187,2021-01,2024-12-19,1438,12,4800000,0
1209,2022-11-07,28,2050000,retail,0.142,2022-11,2024-10-31,724,61,2950000,0
1210,2024-02-11,38,5000000,retail,0.302,2024-02,2024-12-26,319,5,7650000,0
1211,2021-07-06,26,2800000,retail,0.233,2021-07,2024-12-12,1255,19,3050000,0
1212,2023-03-18,32,8700000,retail,0.095,2023-03,2024-06-16,456,198,0,1
1213,2023-01-14,36,2400000,retail,0.177,2023-01,2024-12-21,707,10,2550000,0
1214,2024-06-04,35,2000000,retail,0.377,2024-06,2024-12-17,196,14,4550000,0
1215,2021-04-08,38,6850000,retail,0.153,2021-04,2024-12-22,1354,9,21350000,0
1216,2021-02-24,44,4700000,retail,0.269,2021-02,2024-12-20,1395,11,11900000,0
1217,2022-09-15,28,2100000,retail,0.387,2022-09,2024-12-29,836,2,4450000,0
1218,2022-10-26,23,1150000,retail,0.353,2022-10,2024-04-10,532,265,0,1
1219,2023-01-28,37,3350000,retail,0.353,2023-01,2024-06-27,516,187,0,1
1220,2022-02-10,48,20900000,premium,0.365,2022-02,2024-11-25,1019,36,79250000,0
1221,2021-03-10,33,3700000,retail,0.075,2021-03,2024-09-19,1289,103,9100000,0
1222,2023-01-21,29,3050000,retail,0.172,2023-01,2024-12-20,699,11,7700000,0
1223,2024-03-17,38,3250000,retail,0.183,2024-03,2024-12-29,287,2,2550000,0
1224,2024-06-21,30,3450000,retail,0.086,2024-06,2024-12-14,176,17,6250000,0
1225,2023-08-16,39,2650000,retail,0.218,2023-08,2024-12-26,498,5,4900000,0
1226,2021-12-31,32,3850000,retail,0.209,2021-12,2024-08-08,951,145,16700000,0
1227,2022-04-27,50,9900000,premium,0.572,2022-04,2024-12-18,966,13,34400000,0
1228,2021-07-20,27,2900000,retail,0.335,2021-07,2024-12-10,1239,21,4750000,0
1229,2021-06-03,49,27450000,premium,0.4,2021-06,2024-12-20,1296,11,58550000,0
1230,2021-03-14,23,2250000,retail,0.349,2021-03,2024-12-31,1388,0,4650000,0
1231,2022-12-14,31,3650000,retail,0.076,2022-12,2024-12-14,731,17,6550000,0
1232,2021-10-23,38,2450000,retail,0.195,2021-10,2024-11-10,1114,51,4350000,0
1233,2023-11-07,25,3700000,retail,0.338,2023-11,2024-12-17,406,14,1000000,0
1234,2024-05-25,31,5050000,retail,0.216,2024-05,2024-12-25,214,6,13750000,0
1235,2021-03-02,36,4350000,retail,0.25,2021-03,2024-12-30,1399,1,8050000,0
1236,2023-07-28,32,9000000,retail,0.123,2023-07,2024-12-31,522,0,10850000,0
1237,2021-02-11,27,4450000,retail,0.438,2021-02,2024-05-13,1187,232,0,1
1238,2021-01-25,24,2300000,retail,0.519,2021-01,2024-12-20,1425,11,11000000,0
1239,2023-11-29,28,6700000,retail,0.108,2023-11,2024-12-16,383,15,22250000,0
1240,2021-05-11,34,2750000,retail,0.054,2021-05,2024-05-15,1100,230,0,1
1241,2024-06-06,44,11200000,premium,0.455,2024-06,2024-12-23,200,8,42350000,0
1242,2021-04-18,38,5850000,premium,0.419,2021-04,2024-12-01,1323,30,12750000,0
1243,2021-06-21,52,12100000,premium,0.598,2021-06,2024-10-20,1217,72,32750000,0
1244,2021-04-12,48,5100000,retail,0.226,2021-04,2024-10-28,1295,64,5600000,0
1245,2023-05-16,36,2950000,retail,0.367,2023-05,2024-09-29,502,93,1400000,0
1246,2022-06-08,34,9950000,premium,0.204,2022-06,2024-11-30,906,31,14250000,0
1247,2021-10-02,25,4550000,retail,0.398,2021-10,2024-10-19,1113,73,13750000,0
1248,2023-12-04,53,9800000,premium,0.284,2023-12,2024-12-31,393,0,32250000,0
1249,2023-03-28,48,8050000,premium,0.362,2023-03,2024-12-07,620,24,19700000,0
1250,2023-08-15,39,7600000,premium,0.42,2023-08,2024-12-06,479,25,24050000,0
1251,2023-11-07,20,3450000,retail,0.129,2023-11,2024-12-22,411,9,8700000,0
1252,2021-11-26,33,5350000,retail,0.253,2021-11,2024-12-05,1105,26,9300000,0
1253,2021-01-12,47,15850000,premium,0.473,2021-01,2024-12-18,1436,13,13850000,0
1254,2021-08-04,26,4200000,retail,0.332,2021-08,2024-10-10,1163,82,8550000,0
1255,2021-12-05,44,4050000,retail,0.306,2021-12,2024-12-19,1110,12,2600000,0
1256,2022-10-23,45,7850000,retail,0.382,2022-10,2024-09-18,696,104,0,1
1257,2024-01-10,40,8050000,premium,0.406,2024-01,2024-12-31,356,0,14050000,0
1258,2022-01-09,27,1900000,retail,0.357,2022-01,2024-09-21,986,101,0,1
1259,2023-09-03,29,5650000,retail,0.335,2023-09,2024-11-25,449,36,11850000,0
1260,2022-12-11,20,2300000,retail,0.345,2022-12,2024-08-30,628,123,5000000,0
1261,2024-05-08,32,2450000,retail,0.247,2024-05,2024-12-26,232,5,8750000,0
1262,2022-04-11,38,8750000,premium,0.641,2022-04,2024-12-17,981,14,42350000,0
1263,2024-01-18,31,2600000,retail,0.145,2024-01,2024-12-17,334,14,7450000,0
1264,2022-05-04,27,5100000,retail,0.117,2022-05,2024-11-25,936,36,6400000,0
1265,2021-02-16,49,5900000,premium,0.366,2021-02,2024-12-19,1402,12,20300000,0
1266,2023-02-17,20,5350000,retail,0.391,2023-02,2024-11-29,651,32,16700000,0
1267,2023-11-06,24,3800000,retail,0.303,2023-11,2024-12-18,408,13,5050000,0
1268,2022-12-12,22,5900000,retail,0.244,2022-12,2024-09-03,631,119,9400000,0
1269,2022-02-05,50,3750000,retail,0.071,2022-02,2024-12-26,1055,5,3800000,0
1270,2023-09-08,32,3100000,retail,0.227,2023-09,2024-12-26,475,5,1700000,0
1271,2024-01-15,47,14200000,premium,0.527,2024-01,2024-12-22,342,9,61450000,0
1272,2021-09-07,49,8300000,premium,0.487,2021-09,2024-11-12,1162,49,34300000,0
1273,2022-01-26,44,8600000,premium,0.42,2022-01,2024-09-19,967,103,0,1
1274,2021-12-01,34,10800000,premium,0.468,2021-12,2024-12-16,1111,15,46200000,0
1275,2022-09-21,26,5600000,retail,0.317,2022-09,2024-09-21,731,101,0,1
1276,2021-05-17,26,4050000,retail,0.323,2021-05,2024-12-16,1309,15,3600000,0
1277,2023-06-02,28,3900000,retail,0.158,2023-06,2024-12-16,563,15,7550000,0
1278,2022-11-19,29,2100000,retail,0.324,2022-11,2024-05-17,545,228,0,1
1279,2023-04-07,36,3200000,retail,0.147,2023-04,2024-12-21,624,10,4400000,0
1280,2022-12-28,35,2950000,retail,0.325,2022-12,2024-08-02,583,151,0,1
1281,2022-08-17,32,17900000,premium,0.466,2022-08,2024-12-27,863,4,89050000,0
1282,2024-05-31,38,2800000,retail,0.3,2024-05,2024-12-31,214,0,4850000,0
1283,2023-09-17,33,5300000,retail,0.164,2023-09,2024-12-11,451,20,11500000,0
1284,2022-01-07,29,3100000,retail,0.268,2022-01,2024-11-16,1044,45,7250000,0
1285,2023-07-24,34,2900000,retail,0.379,2023-07,2024-11-04,469,57,13550000,0
1286,2023-09-22,38,3250000,retail,0.252,2023-09,2024-12-28,463,3,3200000,0
1287,2022-02-06,27,4450000,retail,0.214,2022-02,2024-12-25,1053,6,16450000,0
1288,2022-09-07,25,7850000,retail,0.408,2022-09,2024-11-25,810,36,22650000,0
1289,2024-03-28,44,4300000,retail,0.136,2024-03,2024-12-26,273,5,11500000,0
1290,2024-03-21,36,4100000,retail,0.227,2024-03,2024-12-24,278,7,16550000,0
1291,2023-09-22,29,3950000,retail,0.52,2023-09,2024-12-12,447,19,25800000,0
1292,2022-09-12,26,4300000,retail,0.128,2022-09,2024-12-28,838,3,4300000,0
1293,2021-07-07,48,9300000,premium,0.429,2021-07,2024-12-18,1260,13,48600000,0
1294,2024-01-27,28,2150000,retail,0.349,2024-01,2024-12-30,338,1,9900000,0
1295,2021-05-11,43,2850000,retail,0.292,2021-05,2024-11-21,1290,40,5550000,0
1296,2023-03-16,31,3950000,retail,0.051,2023-03,2024-12-02,627,29,7200000,0
1297,2024-04-09,34,4700000,retail,0.016,2024-04,2024-12-20,255,11,4600000,0
1298,2023-07-25,30,2200000,retail,0.331,2023-07,2024-12-22,516,9,5800000,0
1299,2023-09-13,23,2800000,retail,0.214,2023-09,2024-12-27,471,4,4400000,0
1300,2021-07-02,26,3100000,retail,0.209,2021-07,2024-12-08,1255,23,6600000,0
1301,2023-09-10,42,3000000,retail,0.386,2023-09,2024-05-08,241,237,0,1
1302,2021-12-30,30,3500000,retail,0.208,2021-12,2024-11-29,1065,32,9200000,0
1303,2021-02-08,30,3400000,retail,0.209,2021-02,2024-06-11,1219,203,0,1
1304,2022-05-12,36,5000000,retail,0.178,2022-05,2024-12-22,955,9,11200000,0
1305,2023-09-09,40,7950000,retail,0.053,2023-09,2024-12-13,461,18,11650000,0
1306,2023-07-10,45,30050000,premium,0.531,2023-07,2024-12-29,538,2,136000000,0
1307,2022-12-23,27,8100000,retail,0.349,2022-12,2024-12-23,731,8,19250000,0
1308,2024-03-30,30,3150000,retail,0.22,2024-03,2024-12-22,267,9,5450000,0
1309,2021-01-16,32,3200000,retail,0.186,2021-01,2024-03-12,1151,294,0,1
1310,2022-05-08,33,2800000,retail,0.165,2022-05,2024-11-17,924,44,4350000,0
1311,2024-02-06,38,2800000,retail,0.309,2024-02,2024-12-12,310,19,5700000,0
1312,2023-06-13,37,6450000,retail,0.183,2023-06,2024-12-30,566,1,14350000,0
1313,2021-11-07,30,4800000,retail,0.192,2021-11,2024-06-05,941,209,0,1
1314,2023-01-09,45,30300000,premium,0.514,2023-01,2024-12-29,720,2,100950000,0
1315,2024-04-08,38,15750000,premium,0.475,2024-04,2024-12-30,266,1,27650000,0
1316,2022-06-30,21,2850000,retail,0.497,2022-06,2024-06-26,727,188,0,1
1317,2022-02-18,35,6100000,retail,0.0,2022-02,2024-12-04,1020,27,10500000,0
1318,2021-09-08,24,4800000,retail,0.336,2021-09,2024-11-14,1163,47,11200000,0
1319,2023-01-29,32,1900000,retail,0.115,2023-01,2024-12-29,700,2,3550000,0
1320,2024-03-10,34,6950000,retail,0.087,2024-03,2024-12-05,270,26,7900000,0
1321,2023-11-29,25,3350000,retail,0.245,2023-11,2024-12-12,379,19,10250000,0
1322,2023-03-25,26,2900000,retail,0.307,2023-03,2024-12-03,619,28,4800000,0
1323,2021-01-29,43,3150000,retail,0.212,2021-01,2024-10-09,1349,83,4400000,0
1324,2023-08-16,42,5450000,retail,0.018,2023-08,2024-12-12,484,19,9100000,0
1325,2022-04-22,39,8750000,premium,0.385,2022-04,2024-12-27,980,4,20300000,0
1326,2021-11-14,26,2400000,retail,0.334,2021-11,2024-12-18,1130,13,8100000,0
1327,2021-09-02,35,3450000,retail,0.095,2021-09,2024-06-25,1027,189,0,1
1328,2023-01-18,28,1900000,retail,0.166,2023-01,2024-12-07,689,24,3600000,0
1329,2022-11-28,33,2900000,retail,0.0,2022-11,2024-12-30,763,1,3350000,0
1330,2021-09-29,31,3950000,retail,0.12,2021-09,2024-12-26,1184,5,9500000,0
1331,2024-06-16,20,1900000,retail,0.162,2024-06,2024-12-30,197,1,3450000,0
1332,2022-01-12,49,2850000,retail,0.082,2022-01,2024-09-07,969,115,1950000,0
1333,2021-09-23,20,1950000,retail,0.267,2021-09,2024-05-06,956,239,0,1
1334,2023-07-15,50,2650000,retail,0.128,2023-07,2024-12-23,527,8,5850000,0
1335,2023-07-10,41,3650000,retail,0.06,2023-07,2024-12-24,533,7,5550000,0
1336,2021-12-06,29,4750000,retail,0.046,2021-12,2024-12-26,1116,5,1500000,0
1337,2022-01-24,25,5750000,premium,0.586,2022-01,2024-12-01,1042,30,23550000,0
1338,2022-07-31,29,2050000,retail,0.39,2022-07,2024-12-25,878,6,3150000,0
1339,2021-01-03,28,4900000,retail,0.252,2021-01,2024-11-21,1418,40,8400000,0
1340,2024-03-11,33,5950000,retail,0.168,2024-03,2024-12-31,295,0,10400000,0
1341,2022-01-11,34,5200000,retail,0.2,2022-01,2024-12-14,1068,17,4850000,0
1342,2021-11-20,32,2750000,retail,0.389,2021-11,2024-11-04,1080,57,6850000,0
1343,2021-05-26,43,2650000,retail,0.012,2021-05,2024-08-26,1188,127,2450000,0
1344,2021-10-20,35,4750000,retail,0.15,2021-10,2024-12-18,1155,13,8100000,0
1345,2022-03-08,38,2200000,retail,0.0,2022-03,2024-08-25,901,128,0,1
1346,2022-12-06,40,2350000,retail,0.243,2022-12,2024-10-20,684,72,4200000,0
1347,2023-08-07,38,4350000,retail,0.183,2023-08,2024-12-16,497,15,12950000,0
1348,2022-08-08,38,2150000,retail,0.224,2022-08,2024-11-16,831,45,2850000,0
1349,2022-02-03,37,5400000,retail,0.218,2022-02,2024-12-04,1035,27,15500000,0
1350,2023-03-28,34,2500000,retail,0.319,2023-03,2024-12-14,627,17,11000000,0
1351,2023-08-22,39,3650000,retail,0.265,2023-08,2024-12-10,476,21,7250000,0
1352,2024-03-09,30,7350000,premium,0.55,2024-03,2024-12-23,289,8,23050000,0
1353,2021-07-06,29,6400000,retail,0.172,2021-07,2024-08-24,1145,129,14050000,0
1354,2021-03-02,42,5950000,retail,0.343,2021-03,2024-12-11,1380,20,23250000,0
1355,2023-07-28,34,5050000,retail,0.113,2023-07,2024-12-31,522,0,18200000,0
1356,2022-12-11,25,3500000,retail,0.22,2022-12,2024-12-13,733,18,7600000,0
1357,2023-03-18,36,2300000,retail,0.233,2023-03,2024-12-16,639,15,3450000,0
1358,2021-01-11,34,6850000,retail,0.236,2021-01,2024-12-13,1432,18,17100000,0
1359,2023-12-22,45,16600000,premium,0.321,2023-12,2024-12-24,368,7,47200000,0
1360,2021-08-14,20,6550000,retail,0.279,2021-08,2024-12-06,1210,25,15600000,0
1361,2024-03-22,31,2550000,retail,0.379,2024-03,2024-12-30,283,1,4500000,0
1362,2022-07-18,31,1950000,retail,0.024,2022-07,2024-12-20,886,11,2850000,0
1363,2023-02-11,40,3050000,retail,0.378,2023-02,2024-12-20,678,11,5400000,0
1364,2023-06-04,27,3250000,retail,0.271,2023-06,2024-10-30,514,62,6100000,0
1365,2024-06-20,49,11650000,premium,0.169,2024-06,2024-12-19,182,12,31700000,0
1366,2024-02-05,23,4200000,retail,0.136,2024-02,2024-12-16,315,15,8700000,0
1367,2021-08-14,35,4150000,premium,0.334,2021-08,2024-12-02,1206,29,16950000,0
1368,2023-04-05,52,13500000,premium,0.295,2023-04,2024-10-31,575,61,15500000,0
1369,2021-08-06,32,3050000,retail,0.187,2021-08,2024-12-15,1227,16,4600000,0
1370,2023-07-26,42,12050000,retail,0.0,2023-07,2024-12-15,508,16,23700000,0
1371,2023-01-23,36,2300000,retail,0.222,2023-01,2024-12-07,684,24,3700000,0
1372,2022-05-21,31,4150000,retail,0.073,2022-05,2024-11-23,917,38,6000000,0
1373,2021-09-16,20,4000000,retail,0.467,2021-09,2024-12-26,1197,5,11100000,0
1374,2021-02-23,36,5950000,retail,0.168,2021-02,2024-12-05,1381,26,5600000,0
1375,2023-12-07,41,3650000,retail,0.313,2023-12,2024-12-25,384,6,3850000,0
1376,2022-12-28,43,7900000,retail,0.333,2022-12,2024-11-24,697,37,15800000,0
1377,2022-11-20,42,13300000,premium,0.58,2022-11,2024-12-15,756,16,30750000,0
1378,2024-01-28,20,1950000,retail,0.232,2024-01,2024-12-28,335,3,5400000,0
1379,2023-11-10,36,9000000,premium,0.38,2023-11,2024-12-20,406,11,5000000,0
1380,2022-02-23,25,3450000,retail,0.273,2022-02,2024-07-16,874,168,0,1
1381,2022-11-21,30,5350000,retail,0.276,2022-11,2024-11-14,724,47,14300000,0
1382,2023-04-30,29,1400000,retail,0.239,2023-04,2024-11-20,570,41,4550000,0
1383,2021-03-03,33,3500000,retail,0.186,2021-03,2024-12-26,1394,5,6050000,0
1384,2024-03-14,35,11500000,premium,0.483,2024-03,2024-12-24,285,7,42350000,0
1385,2021-08-04,25,4000000,retail,0.191,2021-08,2024-12-27,1241,4,12700000,0
1386,2021-01-03,60,4900000,premium,0.254,2021-01,2024-11-14,1411,47,14650000,0
1387,2021-06-09,29,2650000,retail,0.281,2021-06,2024-12-01,1271,30,7900000,0
1388,2023-02-20,29,5250000,retail,0.297,2023-02,2024-03-16,390,290,0,1
1389,2024-02-18,36,4900000,retail,0.252,2024-02,2024-12-26,312,5,7050000,0
1390,2023-06-12,42,6050000,premium,0.531,2023-06,2024-12-18,555,13,27000000,0
1391,2024-01-18,34,15400000,premium,0.318,2024-01,2024-12-31,348,0,42000000,0
1392,2021-11-25,34,5800000,retail,0.103,2021-11,2024-11-08,1079,53,4050000,0
1393,2022-08-03,35,2200000,retail,0.084,2022-08,2024-08-03,731,150,0,1
1394,2023-08-10,29,4400000,retail,0.469,2023-08,2024-12-11,489,20,12550000,0
1395,2022-09-27,37,4950000,retail,0.186,2022-09,2024-12-25,820,6,15600000,0
1396,2023-09-15,34,6400000,premium,0.452,2023-09,2024-12-24,466,7,27650000,0
1397,2024-05-03,40,21050000,premium,0.457,2024-05,2024-12-19,230,12,43800000,0
1398,2023-07-10,28,4200000,retail,0.214,2023-07,2024-12-22,531,9,12950000,0
1399,2023-01-08,36,4750000,retail,0.388,2023-01,2024-10-29,660,63,15550000,0
1400,2021-06-19,44,6550000,retail,0.249,2021-06,2024-12-17,1277,14,10150000,0
1401,2022-06-05,28,1500000,retail,0.305,2022-06,2024-06-27,753,187,0,1
1402,2021-02-09,37,11400000,premium,0.317,2021-02,2024-12-17,1407,14,48400000,0
1403,2023-08-13,30,7700000,retail,0.061,2023-08,2024-11-28,473,33,8950000,0
1404,2024-06-03,42,14750000,premium,0.413,2024-06,2024-12-18,198,13,20150000,0
1405,2023-09-11,34,3050000,retail,0.116,2023-09,2024-12-30,476,1,4650000,0
1406,2024-02-22,28,10600000,premium,0.422,2024-02,2024-11-30,282,31,30500000,0
1407,2023-09-02,55,2150000,retail,0.075,2023-09,2024-12-12,467,19,3500000,0
1408,2021-02-07,20,7600000,retail,0.274,2021-02,2024-12-05,1397,26,3200000,0
1409,2021-11-24,47,11950000,premium,0.467,2021-11,2024-09-25,1036,97,36850000,0
1410,2024-06-28,42,2500000,retail,0.14,2024-06,2024-11-26,151,35,6900000,0
1411,2024-04-14,32,5150000,retail,0.079,2024-04,2024-12-31,261,0,10600000,0
1412,2023-07-03,56,6500000,premium,0.253,2023-07,2024-12-10,526,21,39000000,0
1413,2022-03-30,50,13050000,premium,0.596,2022-03,2024-12-28,1004,3,63350000,0
1414,2021-02-06,34,3500000,retail,0.05,2021-02,2024-11-27,1390,34,5900000,0
1415,2023-08-31,23,5150000,retail,0.344,2023-08,2024-12-03,460,28,10700000,0
1416,2023-03-07,27,2250000,retail,0.362,2023-03,2024-04-16,406,259,0,1
1417,2023-08-31,39,4800000,retail,0.185,2023-08,2024-12-02,459,29,4900000,0
1418,2022-08-16,33,5400000,retail,0.412,2022-08,2024-09-03,749,119,0,1
1419,2024-02-12,42,5900000,retail,0.26,2024-02,2024-04-07,55,268,0,1
1420,2023-11-30,29,5250000,retail,0.521,2023-11,2024-11-18,354,43,12400000,0
1421,2021-08-12,34,7000000,retail,0.122,2021-08,2024-11-28,1204,33,10200000,0
1422,2021-11-14,32,3050000,retail,0.124,2021-11,2024-12-10,1122,21,3850000,0
1423,2021-12-15,28,3800000,retail,0.363,2021-12,2024-08-01,960,152,0,1
1424,2021-04-25,36,4250000,retail,0.169,2021-04,2024-12-01,1316,30,7850000,0
1425,2022-11-29,35,4600000,retail,0.402,2022-11,2024-12-25,757,6,13400000,0
1426,2023-11-30,31,2450000,retail,0.241,2023-11,2024-12-15,381,16,7800000,0
1427,2021-02-09,26,5150000,retail,0.175,2021-02,2024-12-23,1413,8,9300000,0
1428,2021-08-04,45,4750000,premium,0.242,2021-08,2024-12-30,1244,1,10800000,0
1429,2024-03-16,40,7450000,retail,0.191,2024-03,2024-10-12,210,80,12950000,0
1430,2021-12-02,27,4000000,retail,0.289,2021-12,2024-08-08,980,145,6100000,0
1431,2024-04-06,29,4500000,retail,0.338,2024-04,2024-12-31,269,0,15950000,0
1432,2021-04-02,24,3400000,retail,0.445,2021-04,2024-12-06,1344,25,4650000,0
1433,2021-12-19,39,5750000,retail,0.329,2021-12,2024-12-30,1107,1,18550000,0
1434,2022-07-25,35,3050000,retail,0.131,2022-07,2024-03-04,588,302,0,1
1435,2023-03-27,21,2600000,retail,0.145,2023-03,2024-10-16,569,76,3050000,0
1436,2023-02-20,29,2650000,retail,0.152,2023-02,2024-12-24,673,7,5050000,0
1437,2021-12-29,33,3050000,retail,0.112,2021-12,2024-12-14,1081,17,5900000,0
1438,2022-07-11,43,18900000,premium,0.406,2022-07,2024-12-17,890,14,56300000,0
1439,2024-04-08,30,2000000,retail,0.237,2024-04,2024-12-27,263,4,2800000,0
1440,2021-12-22,28,4400000,retail,0.204,2021-12,2024-12-27,1101,4,13850000,0
1441,2021-07-10,37,4100000,retail,0.234,2021-07,2024-12-29,1268,2,7150000,0
1442,2022-02-26,51,10100000,premium,0.413,2022-02,2024-12-13,1021,18,9950000,0
1443,2022-12-01,47,4850000,retail,0.217,2022-12,2024-12-21,751,10,15800000,0
1444,2021-01-07,20,7200000,retail,0.165,2021-01,2024-12-21,1444,10,11800000,0
1445,2021-05-13,36,6900000,premium,0.506,2021-05,2024-12-13,1310,18,22800000,0
1446,2022-07-11,45,5050000,premium,0.7,2022-07,2024-12-26,899,5,18900000,0
1447,2023-04-06,37,22150000,premium,0.48,2023-04,2024-12-27,631,4,90050000,0
1448,2023-01-31,36,4850000,retail,0.0,2023-01,2024-06-10,496,204,0,1
1449,2023-11-21,28,1900000,retail,0.449,2023-11,2024-12-20,395,11,4600000,0
1450,2022-06-19,37,5100000,retail,0.116,2022-06,2024-11-01,866,60,3800000,0
1451,2022-03-02,39,3800000,retail,0.472,2022-03,2024-05-30,820,215,0,1
1452,2022-11-03,26,9300000,retail,0.314,2022-11,2024-08-11,647,142,0,1
1453,2021-12-29,36,3250000,retail,0.0,2021-12,2024-12-14,1081,17,7550000,0
1454,2021-03-23,40,11750000,premium,0.202,2021-03,2024-12-25,1373,6,42450000,0
1455,2021-12-22,40,3800000,retail,0.385,2021-12,2024-12-04,1078,27,13450000,0
1456,2022-08-12,39,3700000,retail,0.333,2022-08,2024-08-15,734,138,7800000,0
1457,2021-10-22,32,4500000,retail,0.467,2021-10,2024-12-13,1148,18,15950000,0
1458,2024-06-01,37,3250000,retail,0.201,2024-06,2024-12-16,198,15,2050000,0
1459,2023-12-06,27,4000000,retail,0.293,2023-12,2024-12-31,391,0,10900000,0
1460,2024-02-11,33,2800000,retail,0.154,2024-02,2024-04-04,53,271,0,1
1461,2024-06-10,27,4100000,retail,0.221,2024-06,2024-12-31,204,0,9150000,0
1462,2021-01-17,36,3050000,retail,0.153,2021-01,2024-12-20,1433,11,9350000,0
1463,2021-12-26,28,2500000,retail,0.326,2021-12,2024-06-11,898,203,0,1
1464,2024-05-31,35,2550000,retail,0.099,2024-05,2024-12-26,209,5,5750000,0
1465,2023-05-16,57,9150000,premium,0.17,2023-05,2024-12-25,589,6,28450000,0
1466,2022-12-01,20,3450000,retail,0.319,2022-12,2024-12-13,743,18,8200000,0
1467,2022-03-24,32,5450000,retail,0.096,2022-03,2024-12-01,983,30,17200000,0
1468,2023-05-06,44,7550000,premium,0.061,2023-05,2024-12-22,596,9,10750000,0
1469,2021-12-31,30,4000000,retail,0.266,2021-12,2024-12-12,1077,19,10800000,0
1470,2022-11-06,26,20100000,premium,0.417,2022-11,2024-12-30,785,1,88600000,0
1471,2023-10-05,27,6150000,retail,0.379,2023-10,2024-12-30,452,1,23150000,0
1472,2022-04-12,44,14600000,premium,0.527,2022-04,2024-12-30,993,1,39950000,0
1473,2022-02-18,41,4400000,retail,0.234,2022-02,2024-12-02,1018,29,12800000,0
1474,2022-08-09,46,10200000,premium,0.75,2022-08,2024-12-25,869,6,34600000,0
1475,2024-06-10,35,2750000,retail,0.183,2024-06,2024-12-25,198,6,5100000,0
1476,2024-06-01,39,26650000,premium,0.416,2024-06,2024-12-27,209,4,46200000,0
1477,2023-09-21,27,3700000,retail,0.382,2023-09,2024-12-26,462,5,11250000,0
1478,2022-07-26,33,3100000,retail,0.193,2022-07,2024-03-02,585,304,0,1
1479,2021-12-01,45,14350000,premium,0.589,2021-12,2024-09-22,1026,100,0,1
1480,2024-05-30,26,3650000,retail,0.148,2024-05,2024-12-19,203,12,4850000,0
1481,2021-02-06,25,4800000,retail,0.15,2021-02,2024-12-14,1407,17,8350000,0
1482,2023-09-16,34,3600000,retail,0.292,2023-09,2024-12-25,466,6,6800000,0
1483,2021-10-05,37,3150000,retail,0.06,2021-10,2024-03-10,887,296,0,1
1484,2024-05-04,39,2400000,retail,0.273,2024-05,2024-12-21,231,10,3900000,0
1485,2023-07-05,42,2800000,retail,0.244,2023-07,2024-12-21,535,10,3400000,0
1486,2022-04-29,30,9500000,premium,0.367,2022-04,2024-12-20,966,11,39700000,0
1487,2024-06-19,29,3050000,retail,0.344,2024-06,2024-12-25,189,6,5250000,0
1488,2023-01-01,34,5450000,retail,0.052,2023-01,2024-11-21,690,40,9600000,0
1489,2021-07-11,40,8050000,premium,0.33,2021-07,2024-12-25,1263,6,36600000,0
1490,2023-11-07,34,8900000,premium,0.422,2023-11,2024-12-31,420,0,21150000,0
1491,2022-06-08,20,2600000,retail,0.309,2022-06,2024-10-28,873,64,9800000,0
1492,2023-07-07,41,2500000,retail,0.164,2023-07,2024-08-20,410,133,8800000,0
1493,2022-02-05,37,2150000,retail,0.252,2022-02,2024-12-23,1052,8,7850000,0
1494,2023-06-05,45,7300000,retail,0.247,2023-06,2024-11-27,541,34,14950000,0
1495,2022-12-06,37,7750000,retail,0.384,2022-12,2024-12-11,736,20,29200000,0
1496,2021-01-22,35,4750000,retail,0.189,2021-01,2024-05-29,1223,216,0,1
1497,2022-04-19,41,3750000,retail,0.343,2022-04,2024-12-21,977,10,10200000,0
1498,2024-02-18,22,4800000,retail,0.41,2024-02,2024-12-25,311,6,17550000,0
1499,2021-07-29,38,9200000,premium,0.725,2021-07,2024-12-21,1241,10,41050000,0
1500,2021-11-02,44,14200000,premium,0.435,2021-11,2024-12-19,1143,12,37000000,0
1501,2022-12-05,34,4500000,retail,0.15,2022-12,2024-12-28,754,3,9050000,0
1502,2022-11-18,28,3450000,retail,0.451,2022-11,2024-11-04,717,57,5000000,0
1503,2021-10-12,38,7100000,retail,0.246,2021-10,2024-12-12,1157,19,12700000,0
1504,2022-12-17,56,13350000,premium,0.524,2022-12,2024-12-31,745,0,41750000,0
1505,2023-02-02,38,7750000,retail,0.286,2023-02,2024-08-12,557,141,0,1
1506,2024-06-04,28,4500000,retail,0.047,2024-06,2024-12-08,187,23,8150000,0
1507,2023-08-06,47,21100000,premium,0.495,2023-08,2024-12-26,508,5,65950000,0
1508,2022-01-16,34,7200000,premium,0.487,2022-01,2024-12-25,1074,6,20650000,0
1509,2022-04-05,42,13050000,premium,0.466,2022-04,2024-12-14,984,17,47150000,0
1510,2023-10-28,40,4300000,retail,0.184,2023-10,2024-11-07,376,54,12250000,0
1511,2021-01-29,31,4150000,retail,0.009,2021-01,2024-12-28,1429,3,3700000,0
1512,2023-06-26,35,7050000,retail,0.305,2023-06,2024-09-24,456,98,0,1
1513,2023-11-23,43,9250000,premium,0.495,2023-11,2024-12-26,399,5,19100000,0
1514,2023-05-29,45,12050000,premium,0.582,2023-05,2024-12-21,572,10,61750000,0
1515,2021-03-20,22,3500000,retail,0.115,2021-03,2024-12-08,1359,23,5200000,0
1516,2023-08-05,32,2800000,retail,0.261,2023-08,2024-11-14,467,47,3000000,0
1517,2022-04-04,40,2550000,retail,0.172,2022-04,2024-09-14,894,108,5850000,0
1518,2022-07-24,45,10300000,premium,0.467,2022-07,2024-12-26,886,5,37050000,0
1519,2023-01-08,42,13250000,premium,0.423,2023-01,2024-09-24,625,98,43250000,0
1520,2022-05-31,23,3800000,retail,0.365,2022-05,2024-12-09,923,22,7900000,0
1521,2024-01-28,49,1900000,retail,0.18,2024-01,2024-12-10,317,21,3600000,0
1522,2022-02-01,32,5500000,retail,0.074,2022-02,2024-11-02,1005,59,9700000,0
1523,2021-02-08,44,15000000,premium,0.46,2021-02,2024-12-05,1396,26,59000000,0
1524,2023-06-06,25,14400000,premium,0.524,2023-06,2024-12-22,565,9,26850000,0
1525,2023-03-08,36,12650000,premium,0.44,2023-03,2024-12-24,657,7,33750000,0
1526,2021-06-06,32,8700000,retail,0.0,2021-06,2024-12-27,1300,4,14150000,0
1527,2024-01-04,36,3350000,retail,0.282,2024-01,2024-12-03,334,28,6550000,0
1528,2023-06-03,22,3650000,retail,0.262,2023-06,2024-06-25,388,189,0,1
1529,2024-02-28,38,3400000,retail,0.038,2024-02,2024-12-30,306,1,3250000,0
1530,2023-09-01,38,8500000,premium,0.561,2023-09,2024-12-21,477,10,22650000,0
1531,2024-01-13,45,15500000,premium,0.526,2024-01,2024-12-18,340,13,63000000,0
1532,2023-11-12,51,7050000,premium,0.331,2023-11,2024-12-25,409,6,11950000,0
1533,2023-04-29,45,10400000,premium,0.312,2023-04,2024-12-17,598,14,23100000,0
1534,2023-01-18,32,4100000,retail,0.221,2023-01,2024-12-11,693,20,4850000,0
1535,2023-09-16,35,4300000,retail,0.215,2023-09,2024-12-26,467,5,7150000,0
1536,2021-01-21,34,7850000,premium,0.561,2021-01,2024-12-30,1439,1,22250000,0
1537,2021-10-30,52,9950000,premium,0.317,2021-10,2024-12-23,1150,8,25150000,0
1538,2023-05-19,35,5350000,retail,0.343,2023-05,2024-11-22,553,39,12050000,0
1539,2021-03-25,36,4350000,retail,0.135,2021-03,2024-10-21,1306,71,7850000,0
1540,2022-07-24,39,1500000,retail,0.039,2022-07,2024-12-19,879,12,2950000,0
1541,2023-07-23,38,13600000,premium,0.314,2023-07,2024-12-31,527,0,29050000,0
1542,2024-03-31,42,3600000,retail,0.193,2024-03,2024-12-26,270,5,6050000,0
1543,2024-04-01,27,2500000,retail,0.292,2024-04,2024-12-29,272,2,3000000,0
1544,2023-10-06,39,3200000,retail,0.239,2023-10,2024-03-15,161,291,0,1
1545,2023-03-04,32,4500000,retail,0.189,2023-03,2024-12-04,641,27,3850000,0
1546,2023-03-03,20,7800000,retail,0.417,2023-03,2024-12-12,650,19,23200000,0
1547,2022-05-07,27,3850000,retail,0.269,2022-05,2024-12-16,954,15,7750000,0
1548,2021-07-27,21,2950000,retail,0.06,2021-07,2024-03-29,976,277,0,1
1549,2023-12-20,41,1650000,retail,0.185,2023-12,2024-11-30,346,31,2050000,0
1550,2022-03-06,40,3150000,retail,0.0,2022-03,2024-12-23,1023,8,2950000,0
1551,2023-09-12,36,4550000,retail,0.233,2023-09,2024-12-25,470,6,11200000,0
1552,2022-06-04,45,7450000,premium,0.577,2022-06,2024-12-21,931,10,12450000,0
1553,2022-08-14,30,1950000,retail,0.082,2022-08,2024-12-21,860,10,4250000,0
1554,2023-11-17,36,6900000,retail,0.37,2023-11,2024-12-25,404,6,18800000,0
1555,2021-07-18,29,7800000,premium,0.651,2021-07,2024-12-30,1261,1,47800000,0
1556,2022-01-22,31,3750000,retail,0.345,2022-01,2024-10-16,998,76,9450000,0
1557,2021-12-15,39,3300000,retail,0.223,2021-12,2024-09-24,1014,98,6400000,0
1558,2023-08-18,30,5450000,retail,0.081,2023-08,2024-11-23,463,38,7050000,0
1559,2022-11-24,37,4350000,retail,0.294,2022-11,2024-06-01,555,213,0,1
1560,2022-01-13,33,5200000,retail,0.125,2022-01,2024-12-11,1063,20,12000000,0
1561,2023-06-18,28,2550000,retail,0.314,2023-06,2024-12-23,554,8,3800000,0
1562,2023-07-05,38,1850000,retail,0.179,2023-07,2024-09-14,437,108,2850000,0
1563,2022-06-11,33,3100000,retail,0.335,2022-06,2024-11-25,898,36,10850000,0
1564,2024-03-22,23,2400000,retail,0.388,2024-03,2024-12-25,278,6,12100000,0
1565,2023-01-04,32,5300000,retail,0.19,2023-01,2024-12-14,710,17,10250000,0
1566,2021-07-25,28,5700000,retail,0.066,2021-07,2024-11-04,1198,57,12400000,0
1567,2022-03-31,33,5900000,retail,0.124,2022-03,2024-12-10,985,21,12800000,0
1568,2024-06-13,28,3450000,retail,0.385,2024-06,2024-12-29,199,2,10000000,0
1569,2022-06-05,44,10150000,premium,0.484,2022-06,2024-09-28,846,94,0,1
1570,2023-10-14,39,1450000,retail,0.02,2023-10,2024-12-26,439,5,3000000,0
1571,2023-08-14,49,4950000,retail,0.0,2023-08,2024-12-03,477,28,1950000,0
1572,2022-12-27,31,2800000,retail,0.223,2022-12,2024-09-08,621,114,4350000,0
1573,2023-10-11,26,4550000,retail,0.173,2023-10,2024-12-18,434,13,12050000,0
1574,2022-05-16,39,3300000,retail,0.085,2022-05,2024-11-28,927,33,4300000,0
1575,2021-04-27,49,7300000,premium,0.531,2021-04,2024-12-31,1344,0,23700000,0
1576,2022-01-21,34,24900000,premium,0.594,2022-01,2024-11-18,1032,43,50300000,0
1577,2022-08-07,37,6100000,retail,0.11,2022-08,2024-12-01,847,30,16500000,0
1578,2022-01-30,36,7250000,premium,0.445,2022-01,2024-12-17,1052,14,54000000,0
1579,2023-12-24,30,2500000,retail,0.191,2023-12,2024-12-26,368,5,6300000,0
1580,2022-12-22,37,2600000,retail,0.18,2022-12,2024-12-13,722,18,4650000,0
1581,2021-03-13,24,3700000,retail,0.305,2021-03,2024-12-22,1380,9,9850000,0
1582,2021-10-01,32,4900000,premium,0.541,2021-10,2024-12-28,1184,3,19400000,0
1583,2021-12-04,33,1750000,retail,0.119,2021-12,2024-03-27,844,279,0,1
1584,2022-08-30,38,2000000,retail,0.017,2022-08,2024-04-27,606,248,0,1
1585,2021-06-15,20,3100000,retail,0.503,2021-06,2024-12-24,1288,7,10700000,0
1586,2021-01-11,34,4250000,retail,0.331,2021-01,2024-12-14,1433,17,18000000,0
1587,2022-12-30,34,2300000,retail,0.068,2022-12,2024-12-13,714,18,4400000,0
1588,2023-03-12,37,5150000,retail,0.216,2023-03,2024-09-18,556,104,8000000,0
1589,2021-04-12,24,3250000,retail,0.421,2021-04,2024-12-15,1343,16,4300000,0
1590,2023-02-18,31,3800000,retail,0.29,2023-02,2024-11-08,629,53,15050000,0
1591,2021-08-02,31,3400000,retail,0.255,2021-08,2024-12-16,1232,15,8400000,0
1592,2024-01-17,37,2250000,retail,0.18,2024-01,2024-12-13,331,18,3400000,0
1593,2022-02-05,38,5500000,retail,0.407,2022-02,2024-12-10,1039,21,20150000,0
1594,2022-08-11,44,1500000,retail,0.227,2022-08,2024-11-12,824,49,3400000,0
1595,2023-06-08,40,4550000,premium,0.388,2023-06,2024-12-05,546,26,7900000,0
1596,2023-12-06,20,3700000,retail,0.405,2023-12,2024-12-18,378,13,7100000,0
1597,2022-08-15,30,3950000,retail,0.212,2022-08,2024-08-29,745,124,0,1
1598,2024-01-15,36,5750000,retail,0.242,2024-01,2024-12-26,346,5,13750000,0
1599,2021-04-02,33,11250000,retail,0.224,2021-04,2024-12-23,1361,8,31600000,0
1600,2022-11-04,35,7300000,retail,0.26,2022-11,2024-12-28,785,3,32800000,0
1601,2022-12-15,20,6000000,retail,0.183,2022-12,2024-12-09,725,22,16050000,0
1602,2023-07-25,31,1600000,retail,0.026,2023-07,2024-12-28,522,3,4550000,0
1603,2021-08-30,35,3100000,retail,0.372,2021-08,2024-11-20,1178,41,6150000,0
1604,2021-01-02,37,5250000,retail,0.23,2021-01,2024-12-23,1451,8,14700000,0
1605,2021-08-13,22,5250000,retail,0.393,2021-08,2024-12-12,1217,19,14650000,0
1606,2023-03-12,33,6000000,retail,0.0,2023-03,2024-12-17,646,14,7300000,0
1607,2022-08-12,31,2900000,retail,0.328,2022-08,2024-12-28,869,3,9400000,0
1608,2021-04-26,33,3650000,retail,0.137,2021-04,2024-12-01,1315,30,11350000,0
1609,2023-07-07,28,2850000,retail,0.203,2023-07,2024-12-21,533,10,6400000,0
1610,2024-02-01,24,2950000,retail,0.292,2024-02,2024-12-27,330,4,4750000,0
1611,2021-07-13,37,3300000,retail,0.083,2021-07,2024-12-26,1262,5,2200000,0
1612,2024-04-04,40,3250000,retail,0.2,2024-04,2024-11-23,233,38,8450000,0
1613,2023-05-21,22,4450000,retail,0.284,2023-05,2024-11-08,537,53,4650000,0
1614,2021-03-31,28,3200000,retail,0.427,2021-03,2024-12-30,1370,1,5600000,0
1615,2021-05-02,50,6500000,premium,0.632,2021-05,2024-12-31,1339,0,1250000,0
1616,2021-05-23,43,10800000,premium,0.628,2021-05,2024-12-23,1310,8,46950000,0
1617,2023-09-21,37,4950000,retail,0.0,2023-09,2024-11-22,428,39,6150000,0
1618,2021-04-16,34,3050000,retail,0.088,2021-04,2024-12-25,1349,6,9850000,0
1619,2023-06-06,45,20050000,premium,0.177,2023-06,2024-12-27,570,4,54150000,0
1620,2022-03-04,32,3150000,retail,0.057,2022-03,2024-09-25,936,97,0,1
1621,2021-11-13,35,3550000,retail,0.122,2021-11,2024-11-13,1096,48,5250000,0
1622,2022-09-27,23,3850000,retail,0.349,2022-09,2024-06-25,637,189,0,1
1623,2021-01-09,23,4050000,retail,0.238,2021-01,2024-11-24,1415,37,7550000,0
1624,2023-02-13,27,3550000,retail,0.241,2023-02,2024-12-26,682,5,11850000,0
1625,2024-01-02,35,9350000,retail,0.222,2024-01,2024-12-31,364,0,25250000,0
1626,2021-08-11,38,6050000,retail,0.0,2021-08,2024-04-15,978,260,0,1
1627,2022-07-07,46,4250000,retail,0.099,2022-07,2024-10-30,846,62,6200000,0
1628,2022-12-17,34,2300000,retail,0.14,2022-12,2024-05-14,514,231,0,1
1629,2024-01-13,32,2600000,retail,0.176,2024-01,2024-11-29,321,32,5200000,0
1630,2021-04-21,30,7400000,retail,0.209,2021-04,2024-04-14,1089,261,0,1
1631,2021-09-08,33,2450000,retail,0.38,2021-09,2024-12-23,1202,8,9750000,0
1632,2022-01-18,51,16900000,premium,0.479,2022-01,2024-12-20,1067,11,54800000,0
1633,2021-01-07,40,1550000,retail,0.108,2021-01,2024-11-15,1408,46,3950000,0
1634,2022-04-04,46,2800000,retail,0.169,2022-04,2024-12-22,993,9,4350000,0
1635,2024-01-13,38,9600000,retail,0.16,2024-01,2024-11-22,314,39,10800000,0
1636,2021-07-27,48,2350000,retail,0.138,2021-07,2024-09-29,1160,93,5800000,0
1637,2023-06-19,22,6200000,retail,0.333,2023-06,2024-03-24,279,282,0,1
1638,2021-01-22,33,2850000,retail,0.0,2021-01,2024-11-21,1399,40,3450000,0
1639,2022-02-14,37,3300000,retail,0.306,2022-02,2024-10-06,965,86,4600000,0
1640,2023-06-14,37,3600000,retail,0.403,2023-06,2024-12-29,564,2,7100000,0
1641,2022-05-30,38,2450000,retail,0.168,2022-05,2024-04-28,699,247,0,1
1642,2024-02-25,42,4650000,retail,0.165,2024-02,2024-12-22,301,9,8600000,0
1643,2023-03-20,37,2250000,retail,0.219,2023-03,2024-12-19,640,12,5050000,0
1644,2023-05-24,44,3500000,retail,0.322,2023-05,2024-09-23,488,99,0,1
1645,2021-01-14,38,3100000,retail,0.161,2021-01,2024-11-09,1395,52,7550000,0
1646,2023-08-29,43,12550000,premium,0.562,2023-08,2024-12-27,486,4,80650000,0
1647,2023-09-05,20,4400000,retail,0.359,2023-09,2024-12-28,480,3,8250000,0
1648,2023-10-11,46,4350000,retail,0.483,2023-10,2024-12-28,444,3,7950000,0
1649,2023-11-02,26,4550000,retail,0.261,2023-11,2024-12-25,419,6,10650000,0
1650,2021-03-28,40,4300000,retail,0.0,2021-03,2024-08-19,1240,134,5500000,0
1651,2023-06-28,32,3200000,retail,0.028,2023-06,2024-09-26,456,96,4100000,0
1652,2024-06-20,31,4650000,retail,0.201,2024-06,2024-12-31,194,0,6300000,0
1653,2021-05-02,23,3000000,retail,0.423,2021-05,2024-12-24,1332,7,12200000,0
1654,2024-03-16,44,6750000,retail,0.122,2024-03,2024-12-19,278,12,13950000,0
1655,2023-01-20,22,2250000,retail,0.272,2023-01,2024-12-29,709,2,8550000,0
1656,2022-11-16,31,5000000,retail,0.282,2022-11,2024-12-19,764,12,21400000,0
1657,2021-11-05,20,3400000,retail,0.184,2021-11,2024-12-24,1145,7,13300000,0
1658,2022-11-26,29,5950000,retail,0.227,2022-11,2024-12-23,758,8,17100000,0
1659,2021-10-15,21,3650000,retail,0.16,2021-10,2024-12-24,1166,7,6400000,0
1660,2021-11-03,30,6300000,retail,0.341,2021-11,2024-11-20,1113,41,11150000,0
1661,2023-07-03,37,2750000,retail,0.385,2023-07,2024-12-11,527,20,5150000,0
1662,2022-10-24,47,9250000,premium,0.26,2022-10,2024-12-14,782,17,18150000,0
1663,2022-07-03,39,3200000,retail,0.183,2022-07,2024-04-08,645,267,0,1
1664,2021-11-08,40,4150000,retail,0.369,2021-11,2024-11-16,1104,45,12550000,0
1665,2023-05-23,55,3450000,retail,0.168,2023-05,2024-12-26,583,5,4400000,0
1666,2023-12-19,35,2900000,retail,0.141,2023-12,2024-03-07,79,299,0,1
1667,2023-07-13,33,1200000,retail,0.014,2023-07,2024-12-15,521,16,1600000,0
1668,2023-01-25,36,6000000,retail,0.338,2023-01,2024-11-30,675,31,21450000,0
1669,2021-02-04,35,2050000,retail,0.243,2021-02,2024-11-29,1394,32,5150000,0
1670,2022-03-21,27,1300000,retail,0.123,2022-03,2024-12-12,997,19,1900000,0
1671,2021-04-03,39,2350000,retail,0.343,2021-04,2024-12-05,1342,26,3350000,0
1672,2024-05-15,41,10250000,premium,0.258,2024-05,2024-12-25,224,6,24550000,0
1673,2021-12-19,43,3600000,retail,0.174,2021-12,2024-03-26,828,280,0,1
1674,2023-06-22,38,4350000,retail,0.168,2023-06,2024-12-06,533,25,11350000,0
1675,2023-05-12,42,3200000,retail,0.394,2023-05,2024-12-15,583,16,7450000,0
1676,2021-06-08,55,4500000,premium,0.339,2021-06,2024-09-18,1198,104,0,1
1677,2023-08-15,39,2450000,retail,0.168,2023-08,2024-11-27,470,34,7900000,0
1678,2021-01-24,29,4400000,retail,0.136,2021-01,2024-12-04,1410,27,6700000,0
1679,2022-02-08,45,14450000,premium,0.373,2022-02,2024-12-19,1045,12,51150000,0
1680,2023-03-16,32,21100000,premium,0.352,2023-03,2024-11-22,617,39,46100000,0
1681,2022-05-31,35,7800000,premium,0.358,2022-05,2024-12-21,935,10,15100000,0
1682,2023-01-02,37,3100000,retail,0.201,2023-01,2024-10-22,659,70,1350000,0
1683,2022-06-16,35,1500000,retail,0.0,2022-06,2024-05-16,700,229,0,1
1684,2023-08-14,34,3800000,retail,0.019,2023-08,2024-11-28,472,33,3500000,0
1685,2021-06-01,38,4350000,premium,0.437,2021-06,2024-12-24,1302,7,20300000,0
1686,2023-08-05,31,3450000,retail,0.215,2023-08,2024-11-17,470,44,5000000,0
1687,2022-08-31,30,1700000,retail,0.172,2022-08,2024-04-04,582,271,0,1
1688,2022-02-24,44,2700000,retail,0.195,2022-02,2024-12-15,1025,16,650000,0
1689,2024-06-27,31,1350000,retail,0.151,2024-06,2024-12-24,180,7,2750000,0
1690,2024-02-15,44,2900000,retail,0.198,2024-02,2024-12-26,315,5,7300000,0
1691,2023-05-16,33,5500000,retail,0.252,2023-05,2024-08-24,466,129,13850000,0
1692,2022-08-01,28,5150000,retail,0.351,2022-08,2024-12-28,880,3,17600000,0
1693,2021-12-01,20,4350000,retail,0.217,2021-12,2024-09-10,1014,112,7450000,0
1694,2023-07-21,44,2750000,retail,0.31,2023-07,2024-04-27,281,248,0,1
1695,2021-10-22,40,7300000,retail,0.219,2021-10,2024-12-26,1161,5,18400000,0
1696,2023-01-25,31,3050000,retail,0.348,2023-01,2024-12-21,696,10,9950000,0
1697,2021-07-05,26,2850000,retail,0.472,2021-07,2024-12-14,1258,17,8850000,0
1698,2024-06-23,27,2450000,retail,0.127,2024-06,2024-12-23,183,8,3150000,0
1699,2022-09-29,41,2550000,retail,0.097,2022-09,2024-04-20,569,255,0,1
1700,2024-06-14,34,3550000,retail,0.298,2024-06,2024-12-14,183,17,2150000,0
1701,2022-06-14,43,2850000,retail,0.0,2022-06,2024-11-11,881,50,7050000,0
1702,2021-01-21,35,4800000,retail,0.37,2021-01,2024-06-17,1243,197,0,1
1703,2023-06-30,43,2850000,retail,0.159,2023-06,2024-12-27,546,4,3700000,0
1704,2023-05-17,28,2300000,retail,0.369,2023-05,2024-12-30,593,1,5900000,0
1705,2023-03-05,48,6100000,retail,0.186,2023-03,2024-11-04,610,57,7200000,0
1706,2021-04-10,41,26250000,premium,0.283,2021-04,2024-11-23,1323,38,54250000,0
1707,2023-01-22,32,4700000,retail,0.327,2023-01,2024-11-30,678,31,14050000,0
1708,2022-04-23,42,13150000,premium,0.78,2022-04,2024-12-29,981,2,7650000,0
1709,2023-07-29,35,2950000,retail,0.138,2023-07,2024-12-22,512,9,5100000,0
1710,2022-06-10,40,4650000,retail,0.161,2022-06,2024-10-31,874,61,6400000,0
1711,2021-11-30,40,4000000,retail,0.0,2021-11,2024-11-22,1088,39,2950000,0
1712,2021-01-02,26,6950000,retail,0.462,2021-01,2024-12-09,1437,22,16850000,0
1713,2022-01-10,31,4050000,retail,0.309,2022-01,2024-12-27,1082,4,12750000,0
1714,2021-10-20,37,4050000,retail,0.0,2021-10,2024-08-31,1046,122,6150000,0
1715,2023-04-17,39,5400000,retail,0.0,2023-04,2024-10-17,549,75,4100000,0
1716,2023-10-02,40,22850000,premium,0.216,2023-10,2024-12-12,437,19,90300000,0
1717,2022-07-07,40,12800000,premium,0.527,2022-07,2024-12-30,907,1,47250000,0
1718,2021-11-14,39,8100000,premium,0.539,2021-11,2024-12-29,1141,2,34400000,0
1719,2022-01-16,40,12200000,retail,0.089,2022-01,2024-11-27,1046,34,12900000,0
1720,2021-01-14,30,5700000,retail,0.26,2021-01,2024-09-13,1338,109,10450000,0
1721,2022-05-19,39,10950000,premium,0.469,2022-05,2024-12-31,957,0,35950000,0
1722,2021-08-19,45,2300000,retail,0.156,2021-08,2024-11-27,1196,34,5450000,0
1723,2024-01-13,23,3400000,retail,0.416,2024-01,2024-06-11,150,203,0,1
1724,2021-05-10,37,4200000,retail,0.055,2021-05,2024-12-22,1322,9,9050000,0
1725,2023-04-18,35,3550000,retail,0.338,2023-04,2024-12-15,607,16,10450000,0
1726,2024-03-14,47,2950000,premium,0.363,2024-03,2024-12-15,276,16,7700000,0
1727,2023-06-10,27,3350000,retail,0.514,2023-06,2024-11-15,524,46,9550000,0
1728,2021-01-28,37,6350000,retail,0.079,2021-01,2024-05-29,1217,216,0,1
1729,2021-03-07,26,6250000,retail,0.258,2021-03,2024-12-14,1378,17,10900000,0
1730,2024-04-01,29,3300000,retail,0.307,2024-04,2024-12-15,258,16,3950000,0
1731,2024-06-06,37,3250000,retail,0.206,2024-06,2024-12-17,194,14,9400000,0
1732,2021-09-18,49,9150000,premium,0.509,2021-09,2024-12-27,1196,4,31450000,0
1733,2022-04-05,30,5350000,retail,0.046,2022-04,2024-09-06,885,116,9500000,0
1734,2021-10-28,27,3850000,retail,0.296,2021-10,2024-05-12,927,233,0,1
1735,2023-07-08,21,7250000,retail,0.317,2023-07,2024-11-29,510,32,23200000,0
1736,2021-10-14,50,37900000,premium,0.387,2021-10,2024-12-24,1167,7,117350000,0
1737,2023-10-31,42,2250000,retail,0.248,2023-10,2024-12-04,400,27,8000000,0
1738,2022-09-22,46,7300000,premium,0.288,2022-09,2024-10-30,769,62,5950000,0
1739,2021-09-27,44,2250000,retail,0.161,2021-09,2024-08-12,1050,141,4500000,0
1740,2022-08-15,24,1850000,retail,0.21,2022-08,2024-09-17,764,105,1800000,0
1741,2023-04-24,29,2650000,retail,0.261,2023-04,2024-12-31,617,0,11650000,0
1742,2023-05-12,24,7750000,retail,0.474,2023-05,2024-11-23,561,38,22200000,0
1743,2021-05-13,36,4150000,retail,0.376,2021-05,2024-12-29,1326,2,9300000,0
1744,2023-08-30,44,3900000,retail,0.352,2023-08,2024-11-22,450,39,10250000,0
1745,2022-05-28,27,1750000,retail,0.245,2022-05,2024-12-02,919,29,950000,0
1746,2021-11-09,36,21650000,premium,0.559,2021-11,2024-12-27,1144,4,33400000,0
1747,2022-07-30,24,4050000,retail,0.313,2022-07,2024-09-02,765,120,7000000,0
1748,2023-06-05,40,3900000,retail,0.205,2023-06,2024-12-05,549,26,5350000,0
1749,2024-02-19,44,14750000,premium,0.441,2024-02,2024-12-31,316,0,46950000,0
1750,2024-02-05,35,6650000,retail,0.411,2024-02,2024-12-27,326,4,15750000,0
1751,2022-11-18,25,3850000,retail,0.464,2022-11,2024-12-24,767,7,18750000,0
1752,2024-05-12,29,4350000,premium,0.639,2024-05,2024-12-30,232,1,8450000,0
1753,2021-06-14,32,4350000,retail,0.18,2021-06,2024-12-24,1289,7,9650000,0
1754,2021-11-01,44,9200000,retail,0.205,2021-11,2024-09-27,1061,95,33700000,0
1755,2021-06-05,42,4700000,retail,0.264,2021-06,2024-12-12,1286,19,7750000,0
1756,2022-09-12,34,1900000,retail,0.137,2022-09,2024-07-18,675,166,0,1
1757,2024-06-28,31,5850000,retail,0.313,2024-06,2024-12-29,184,2,20050000,0
1758,2023-08-15,39,2100000,retail,0.089,2023-08,2024-12-20,493,11,4750000,0
1759,2021-11-30,46,13950000,premium,0.497,2021-11,2024-12-04,1100,27,28100000,0
1760,2023-08-27,35,3450000,retail,0.0,2023-08,2024-11-22,453,39,5950000,0
1761,2022-05-26,37,4650000,retail,0.134,2022-05,2024-12-23,942,8,8050000,0
1762,2023-11-10,28,4200000,retail,0.549,2023-11,2024-07-11,244,173,0,1
1763,2021-10-09,31,1950000,retail,0.324,2021-10,2024-11-28,1146,33,2950000,0
1764,2023-03-08,29,1850000,retail,0.484,2023-03,2024-12-18,651,13,4600000,0
1765,2023-10-22,39,4050000,retail,0.12,2023-10,2024-12-10,415,21,9800000,0
1766,2021-04-29,30,6200000,retail,0.212,2021-04,2024-12-09,1320,22,14750000,0
1767,2023-11-25,33,1950000,retail,0.354,2023-11,2024-12-30,401,1,6300000,0
1768,2021-07-17,38,22950000,premium,0.526,2021-07,2024-11-28,1230,33,70550000,0
1769,2022-04-30,28,3900000,retail,0.361,2022-04,2024-12-03,948,28,12700000,0
1770,2023-12-19,47,14350000,premium,0.646,2023-12,2024-12-30,377,1,31900000,0
1771,2023-04-17,50,2200000,retail,0.075,2023-04,2024-11-17,580,44,4000000,0
1772,2024-03-30,34,6550000,premium,0.428,2024-03,2024-12-19,264,12,25900000,0
1773,2023-10-06,30,5450000,retail,0.0,2023-10,2024-12-27,448,4,7550000,0
1774,2022-11-22,25,5450000,retail,0.169,2022-11,2024-12-27,766,4,11400000,0
1775,2024-05-14,33,2250000,retail,0.329,2024-05,2024-12-12,212,19,8400000,0
1776,2023-11-02,20,1900000,retail,0.19,2023-11,2024-07-24,265,160,0,1
1777,2022-05-05,28,3250000,retail,0.388,2022-05,2024-12-09,949,22,14100000,0
1778,2021-10-03,42,4800000,retail,0.399,2021-10,2024-08-01,1033,152,11350000,0
1779,2022-11-24,27,4100000,retail,0.279,2022-11,2024-09-01,647,121,0,1
1780,2021-08-30,44,7400000,retail,0.262,2021-08,2024-12-19,1207,12,17550000,0
1781,2024-05-24,30,5150000,retail,0.289,2024-05,2024-12-25,215,6,14900000,0
1782,2024-06-28,42,1900000,retail,0.053,2024-06,2024-12-31,186,0,2000000,0
1783,2021-05-06,29,8500000,retail,0.226,2021-05,2024-10-04,1247,88,15100000,0
1784,2021-08-05,30,1100000,retail,0.08,2021-08,2024-07-31,1091,153,0,1
1785,2024-04-23,32,5500000,retail,0.136,2024-04,2024-12-28,249,3,17250000,0
1786,2023-11-29,42,15200000,premium,0.536,2023-11,2024-12-29,396,2,43200000,0
1787,2024-05-31,39,3050000,retail,0.129,2024-05,2024-12-28,211,3,4250000,0
1788,2024-04-22,29,3700000,retail,0.296,2024-04,2024-12-27,249,4,14350000,0
1789,2022-05-10,34,3600000,retail,0.075,2022-05,2024-11-23,928,38,5100000,0
1790,2022-03-03,42,7850000,premium,0.597,2022-03,2024-12-26,1029,5,38750000,0
1791,2024-04-16,38,4450000,retail,0.135,2024-04,2024-12-21,249,10,5000000,0
1792,2023-07-08,23,3000000,retail,0.483,2023-07,2024-03-04,240,302,0,1
1793,2021-05-31,33,2850000,retail,0.207,2021-05,2024-05-21,1086,224,0,1
1794,2022-01-19,37,3400000,retail,0.031,2022-01,2024-09-01,956,121,0,1
1795,2021-11-04,34,3000000,retail,0.179,2021-11,2024-08-24,1024,129,0,1
1796,2023-01-16,28,4350000,premium,0.422,2023-01,2024-12-31,715,0,5150000,0
1797,2023-06-11,46,12400000,premium,0.521,2023-06,2024-12-30,568,1,17200000,0
1798,2022-01-10,36,3700000,retail,0.169,2022-01,2024-12-02,1057,29,10750000,0
1799,2023-10-29,34,5150000,retail,0.22,2023-10,2024-11-19,387,42,9700000,0
1800,2021-05-09,45,17550000,premium,0.406,2021-05,2024-11-15,1286,46,67150000,0
