client_id,recency,frequency,monetary,segment,registration_date,R_score,F_score,M_score,RFM_score,segmento_rfm
1001,12,33,19900000,retail,2021-05-07,4,4,4,12,Leales
1002,6,64,43850000,premium,2024-02-04,4,5,5,14,Leales
1003,21,20,8100000,retail,2023-10-06,3,2,2,7,Promedio
1004,29,23,10500000,retail,2022-08-27,2,3,3,8,Promedio
1005,10,28,16850000,retail,2023-10-11,4,4,4,12,Leales
1006,129,27,12450000,retail,2021-02-20,1,3,3,7,Promedio
1007,32,13,9150000,retail,2023-11-19,2,1,2,5,Perdidos
1008,3,68,171400000,premium,2023-02-18,5,5,5,15,Campeones
1009,198,25,2800000,retail,2023-03-25,1,3,1,5,Promedio
1010,29,30,11350000,retail,2022-02-24,2,4,3,9,En Riesgo
1011,2,24,7900000,retail,2024-04-20,5,3,2,10,Promedio
1012,4,76,79350000,premium,2023-09-10,5,5,5,15,Campeones
1013,0,56,70800000,premium,2023-04-05,5,5,5,15,Campeones
1014,46,28,17250000,retail,2023-10-22,2,4,4,10,En Riesgo
1015,12,17,11800000,retail,2022-07-21,4,1,3,8,Promedio
1016,120,34,9750000,retail,2022-01-06,1,4,2,7,En Riesgo
1017,40,22,5000000,retail,2023-07-25,2,2,1,5,Perdidos
1018,15,28,29750000,retail,2022-10-23,3,4,4,11,Promedio
1019,21,21,3500000,retail,2023-08-27,3,2,1,6,Promedio
1020,1,25,32650000,retail,2024-03-06,5,3,5,13,Promedio
1021,8,16,9900000,retail,2021-07-21,4,1,3,8,Promedio
1022,79,23,12950000,retail,2021-11-09,1,3,3,7,Promedio
1023,28,29,24050000,retail,2021-04-27,2,4,4,10,En Riesgo
1024,163,14,8750000,retail,2023-07-26,1,1,2,4,Perdidos
1025,2,14,6450000,retail,2022-07-29,5,1,1,7,Promedio
1026,31,19,6450000,retail,2021-09-01,2,2,1,5,Perdidos
1027,282,26,8200000,retail,2022-06-21,1,3,2,6,Promedio
1028,10,24,21700000,retail,2021-03-16,4,3,4,11,Promedio
1029,2,23,21500000,retail,2022-01-21,5,3,4,12,Promedio
1030,7,14,7250000,retail,2024-05-18,4,1,2,7,Promedio
1031,8,24,8050000,retail,2022-04-20,4,3,2,9,Promedio
1032,48,23,7950000,retail,2022-02-22,2,3,2,7,Promedio
1033,4,22,7550000,retail,2021-12-13,5,2,2,9,Promedio
1034,34,56,91950000,premium,2022-10-02,2,5,5,12,En Riesgo
1035,12,63,110800000,premium,2023-07-28,4,5,5,14,Leales
1036,3,50,75550000,premium,2023-08-13,5,5,5,15,Campeones
1037,5,30,33200000,retail,2023-05-26,5,4,5,14,Campeones
1038,113,32,11250000,retail,2023-02-02,1,4,3,8,En Riesgo
1039,3,22,12800000,retail,2024-04-17,5,2,3,10,Promedio
1040,6,24,8200000,retail,2024-04-20,4,3,2,9,Promedio
1041,3,33,17600000,retail,2022-10-26,5,4,4,13,Campeones
1042,82,21,12650000,retail,2021-01-25,1,2,3,6,Promedio
1043,5,17,3900000,retail,2024-04-18,5,1,1,7,Promedio
1044,6,56,205600000,premium,2022-12-11,4,5,5,14,Leales
1045,9,11,7050000,retail,2024-03-30,4,1,2,7,Promedio
1046,14,14,8150000,retail,2021-06-26,3,1,2,6,Promedio
1047,5,23,9700000,retail,2021-10-12,5,3,2,10,Promedio
1048,0,20,14650000,retail,2021-03-04,5,2,3,10,Promedio
1049,9,14,1850000,retail,2023-09-30,4,1,1,6,Promedio
1050,8,21,8000000,retail,2022-10-24,4,2,2,8,Promedio
1051,26,54,73650000,premium,2022-10-28,3,5,5,13,Promedio
1052,17,19,11850000,retail,2021-06-05,3,2,3,8,Promedio
1053,3,33,44750000,premium,2023-12-09,5,4,5,14,Campeones
1054,14,39,39850000,premium,2023-08-25,3,5,5,13,Promedio
1055,60,21,5050000,retail,2023-04-29,2,2,1,5,Perdidos
1056,34,39,34800000,premium,2024-01-13,2,5,5,12,En Riesgo
1057,22,27,9900000,retail,2022-11-20,3,3,3,9,Necesitan Atención
1058,189,17,8950000,retail,2021-05-28,1,1,2,4,Perdidos
1059,63,19,10400000,retail,2021-12-08,2,2,3,7,Promedio
1060,219,23,7000000,retail,2022-04-21,1,3,2,6,Promedio
1061,27,22,11500000,retail,2023-12-23,3,2,3,8,Promedio
1062,18,22,5400000,retail,2022-07-15,3,2,1,6,Promedio
1063,1,53,49350000,premium,2021-11-23,5,5,5,15,Campeones
1064,287,27,11750000,retail,2024-03-10,1,3,3,7,Promedio
1065,95,27,12800000,retail,2023-09-17,1,3,3,7,Promedio
1066,171,29,4700000,retail,2021-08-03,1,4,1,6,En Riesgo
1067,14,33,30450000,retail,2022-03-11,3,4,4,11,Promedio
1068,101,50,33900000,premium,2023-08-10,1,5,5,11,En Riesgo
1069,8,33,38850000,retail,2022-12-24,4,4,5,13,Leales
1070,0,44,79150000,premium,2021-02-01,5,5,5,15,Campeones
1071,6,25,8650000,retail,2022-11-01,4,3,2,9,Promedio
1072,127,19,2750000,retail,2021-10-12,1,2,1,4,Perdidos
1073,233,40,28500000,retail,2022-03-05,1,5,4,10,En Riesgo
1074,79,35,46650000,premium,2021-10-13,1,5,5,11,En Riesgo
1075,1,33,13500000,retail,2024-03-13,5,4,3,12,Leales
1076,17,21,8250000,retail,2023-11-09,3,2,2,7,Promedio
1077,33,17,8750000,retail,2021-01-18,2,1,2,5,Perdidos
1078,10,28,11450000,retail,2023-02-08,4,4,3,11,Leales
1079,244,31,20100000,retail,2022-08-13,1,4,4,9,En Riesgo
1080,8,21,4600000,retail,2024-04-13,4,2,1,7,Promedio
1081,2,64,77200000,premium,2023-10-07,5,5,5,15,Campeones
1082,93,22,17450000,retail,2021-07-13,1,2,4,7,Hibernando
1083,237,22,11400000,retail,2022-05-17,1,2,3,6,Promedio
1084,139,18,4400000,retail,2023-09-15,1,1,1,3,Perdidos
1085,21,22,17500000,retail,2024-02-11,3,2,4,9,Promedio
1086,189,23,7050000,retail,2021-04-24,1,3,2,6,Promedio
1087,3,31,12950000,retail,2024-05-30,5,4,3,12,Leales
1088,11,19,5850000,retail,2023-08-05,4,2,1,7,Promedio
1089,2,37,31100000,premium,2023-04-11,5,5,5,15,Campeones
1090,29,17,15350000,retail,2023-07-14,2,1,4,7,Hibernando
1091,24,13,3000000,retail,2021-02-24,3,1,1,5,Promedio
1092,20,14,11100000,retail,2023-03-11,3,1,3,7,Promedio
1093,174,19,3100000,retail,2023-02-17,1,2,1,4,Perdidos
1094,153,23,2800000,retail,2021-06-11,1,3,1,5,Promedio
1095,20,14,9650000,retail,2021-03-28,3,1,2,6,Promedio
1096,13,21,10700000,retail,2021-02-24,3,2,3,8,Promedio
1097,23,16,5800000,retail,2024-04-16,3,1,1,5,Promedio
1098,110,30,20950000,retail,2023-10-29,1,4,4,9,En Riesgo
1099,3,17,7350000,retail,2023-04-13,5,1,2,8,Promedio
1100,42,31,47300000,retail,2021-11-09,2,4,5,11,En Riesgo
1101,17,24,5850000,retail,2023-01-29,3,3,1,7,Necesitan Atención
1102,9,39,31200000,retail,2022-03-19,4,5,5,14,Leales
1103,9,23,8500000,retail,2021-11-24,4,3,2,9,Promedio
1104,45,30,4250000,retail,2023-12-14,2,4,1,7,En Riesgo
1105,15,62,80350000,premium,2023-01-31,3,5,5,13,Promedio
1106,0,30,11450000,retail,2024-06-16,5,4,3,12,Leales
1107,1,34,17900000,retail,2024-06-06,5,4,4,13,Campeones
1108,51,14,6650000,retail,2022-08-02,2,1,2,5,Perdidos
1109,95,25,5900000,retail,2023-12-11,1,3,1,5,Promedio
1110,40,27,7500000,retail,2023-10-04,2,3,2,7,Promedio
1111,38,31,16250000,retail,2021-04-06,2,4,4,10,En Riesgo
1112,0,22,4950000,retail,2024-01-17,5,2,1,8,Promedio
1113,18,45,120450000,premium,2024-01-07,3,5,5,13,Promedio
1114,2,61,37050000,premium,2024-02-18,5,5,5,15,Campeones
1115,1,17,12600000,retail,2023-03-25,5,1,3,9,Promedio
1116,1,77,87500000,premium,2022-05-06,5,5,5,15,Campeones
1117,18,50,111700000,premium,2022-03-28,3,5,5,13,Promedio
1118,25,18,7050000,retail,2021-06-14,3,1,2,6,Promedio
1119,0,55,69000000,premium,2021-07-01,5,5,5,15,Campeones
1120,23,15,6350000,retail,2022-04-14,3,1,1,5,Promedio
1121,49,55,111550000,premium,2023-06-29,2,5,5,12,En Riesgo
1122,3,51,45600000,premium,2023-01-05,5,5,5,15,Campeones
1123,291,29,3700000,retail,2023-04-03,1,4,1,6,En Riesgo
1124,33,21,10700000,retail,2023-08-02,2,2,3,7,Promedio
1125,27,20,6700000,retail,2021-01-07,3,2,2,7,Promedio
1126,118,30,9900000,retail,2021-11-26,1,4,3,8,En Riesgo
1127,21,32,33700000,premium,2023-02-14,3,4,5,12,Promedio
1128,0,63,130350000,premium,2021-05-31,5,5,5,15,Campeones
1129,57,30,9900000,retail,2024-01-14,2,4,3,9,En Riesgo
1130,15,23,5750000,retail,2021-05-27,3,3,1,7,Necesitan Atención
1131,230,30,21150000,retail,2023-07-04,1,4,4,9,En Riesgo
1132,158,35,11500000,retail,2022-12-01,1,5,3,9,En Riesgo
1133,241,27,25250000,retail,2021-03-23,1,3,4,8,Promedio
1134,5,36,18000000,retail,2022-05-29,5,5,4,14,Campeones
1135,7,50,47950000,premium,2023-03-26,4,5,5,14,Leales
1136,40,32,21150000,retail,2022-12-10,2,4,4,10,En Riesgo
1137,8,25,19300000,retail,2023-01-16,4,3,4,11,Promedio
1138,0,14,5400000,retail,2023-10-20,5,1,1,7,Promedio
1139,9,27,10350000,retail,2022-12-08,4,3,3,10,Promedio
1140,30,40,54250000,premium,2022-04-16,2,5,5,12,En Riesgo
1141,1,35,59850000,premium,2024-02-17,5,5,5,15,Campeones
1142,137,14,3650000,retail,2022-01-31,1,1,1,3,Perdidos
1143,11,23,13750000,retail,2021-09-18,4,3,3,10,Promedio
1144,8,22,9850000,retail,2023-03-16,4,2,3,9,Promedio
1145,182,26,10700000,retail,2023-07-23,1,3,3,7,Promedio
1146,6,24,14750000,retail,2023-06-24,4,3,3,10,Promedio
1147,6,26,13600000,retail,2024-06-03,4,3,3,10,Promedio
1148,42,17,7600000,retail,2023-12-13,2,1,2,5,Perdidos
1149,28,22,5700000,retail,2023-07-29,2,2,1,5,Perdidos
1150,2,21,6250000,retail,2023-05-04,5,2,1,8,Promedio
1151,10,26,38500000,premium,2022-08-16,4,3,5,12,Promedio
1152,288,28,8300000,retail,2022-12-15,1,4,2,7,En Riesgo
1153,139,29,9400000,retail,2024-03-27,1,4,2,7,En Riesgo
1154,129,30,11400000,retail,2022-09-24,1,4,3,8,En Riesgo
1155,53,45,44350000,premium,2021-02-28,2,5,5,12,En Riesgo
1156,24,15,8750000,retail,2021-05-08,3,1,2,6,Promedio
1157,16,17,5900000,retail,2023-01-06,3,1,1,5,Promedio
1158,10,35,18500000,retail,2022-12-22,4,5,4,13,Leales
1159,5,17,7400000,retail,2024-02-13,5,1,2,8,Promedio
1160,4,22,10950000,retail,2024-05-17,5,2,3,10,Promedio
1161,108,15,2850000,retail,2022-06-10,1,1,1,3,Perdidos
1162,41,28,10050000,retail,2022-06-05,2,4,3,9,En Riesgo
1163,56,35,18750000,retail,2022-07-06,2,5,4,11,En Riesgo
1164,21,29,10450000,retail,2021-08-25,3,4,3,10,Promedio
1165,9,24,8750000,retail,2024-05-09,4,3,2,9,Promedio
1166,1,52,66800000,premium,2024-06-12,5,5,5,15,Campeones
1167,3,17,4450000,retail,2022-05-09,5,1,1,7,Promedio
1168,0,36,7950000,retail,2021-01-04,5,5,2,12,Leales
1169,90,18,11750000,retail,2022-10-28,1,1,3,5,Promedio
1170,224,27,12600000,retail,2022-03-18,1,3,3,7,Promedio
1171,82,18,6500000,retail,2021-01-29,1,1,1,3,Perdidos
1172,9,23,16450000,retail,2024-02-07,4,3,4,11,Promedio
1173,29,11,3950000,retail,2022-09-02,2,1,1,4,Perdidos
1174,42,14,3900000,retail,2023-03-16,2,1,1,4,Perdidos
1175,70,32,16500000,retail,2021-03-16,2,4,4,10,En Riesgo
1176,94,21,4750000,retail,2023-04-18,1,2,1,4,Perdidos
1177,1,35,27500000,retail,2024-03-15,5,5,4,14,Campeones
1178,2,30,12300000,retail,2021-05-08,5,4,3,12,Leales
1179,32,46,81750000,premium,2021-02-11,2,5,5,12,En Riesgo
1180,4,17,5800000,retail,2021-02-10,5,1,1,7,Promedio
1181,55,29,11450000,retail,2023-07-23,2,4,3,9,En Riesgo
1182,32,16,9200000,retail,2021-02-03,2,1,2,5,Perdidos
1183,19,34,20150000,premium,2023-11-07,3,4,4,11,Promedio
1184,7,56,96250000,premium,2024-03-22,4,5,5,14,Leales
1185,73,19,5900000,retail,2023-09-25,2,2,1,5,Perdidos
1186,21,24,17350000,retail,2022-08-11,3,3,4,10,Necesitan Atención
1187,0,47,142450000,premium,2021-12-08,5,5,5,15,Campeones
1188,9,19,23300000,retail,2021-01-27,4,2,4,10,Potenciales
1189,140,14,3600000,retail,2022-10-08,1,1,1,3,Perdidos
1190,26,16,11800000,retail,2023-01-01,3,1,3,7,Promedio
1191,38,33,21050000,retail,2021-06-17,2,4,4,10,En Riesgo
1192,0,43,72550000,premium,2022-09-02,5,5,5,15,Campeones
1193,44,27,31950000,premium,2021-09-25,2,3,5,10,Promedio
1194,3,18,5250000,retail,2023-04-01,5,2,1,8,Promedio
1195,171,32,18450000,retail,2022-03-31,1,4,4,9,En Riesgo
1196,121,26,7550000,retail,2023-06-25,1,3,2,6,Promedio
1197,23,22,9800000,retail,2023-07-11,3,2,2,7,Promedio
1198,30,35,42100000,premium,2023-09-08,2,5,5,12,En Riesgo
1199,16,62,107600000,premium,2022-12-03,3,5,5,13,Promedio
1200,0,25,11900000,retail,2022-09-26,5,3,3,11,Promedio
1201,2,17,9100000,retail,2021-05-10,5,1,2,8,Promedio
1202,16,24,7150000,retail,2023-10-17,3,3,2,8,Necesitan Atención
1203,32,30,13300000,retail,2023-03-30,2,4,3,9,En Riesgo
1204,30,29,18800000,premium,2022-11-24,2,4,4,10,En Riesgo
1205,3,23,7800000,retail,2023-03-05,5,3,2,10,Promedio
1206,13,20,3500000,retail,2021-01-29,3,2,1,6,Promedio
1207,65,18,8900000,retail,2021-05-29,2,2,2,6,Perdidos
1208,12,23,7300000,retail,2021-01-11,4,3,2,9,Promedio
1209,61,12,3200000,retail,2022-11-07,2,1,1,4,Perdidos
1210,5,19,11350000,retail,2024-02-11,5,2,3,10,Promedio
1211,19,16,5100000,retail,2021-07-06,3,1,1,5,Promedio
1212,198,24,24650000,retail,2023-03-18,1,3,4,8,Promedio
1213,10,15,3450000,retail,2023-01-14,4,1,1,6,Promedio
1214,14,22,5700000,retail,2024-06-04,3,2,1,6,Promedio
1215,9,27,26100000,retail,2021-04-08,4,3,4,11,Promedio
1216,11,23,15850000,retail,2021-02-24,4,3,4,11,Promedio
1217,2,18,5500000,retail,2022-09-15,5,2,1,8,Promedio
1218,265,25,4400000,retail,2022-10-26,1,3,1,5,Promedio
1219,187,30,9050000,retail,2023-01-28,1,4,2,7,En Riesgo
1220,36,59,144450000,premium,2022-02-10,2,5,5,12,En Riesgo
1221,103,26,11200000,retail,2021-03-10,1,3,3,7,Promedio
1222,11,20,9050000,retail,2023-01-21,4,2,2,8,Promedio
1223,2,23,6650000,retail,2024-03-17,5,3,2,10,Promedio
1224,17,17,7150000,retail,2024-06-21,3,1,2,6,Promedio
1225,5,15,5450000,retail,2023-08-16,5,1,1,7,Promedio
1226,145,30,17750000,retail,2021-12-31,1,4,4,9,En Riesgo
1227,13,45,67700000,premium,2022-04-27,3,5,5,13,Promedio
1228,21,18,6600000,retail,2021-07-20,3,2,1,6,Promedio
1229,11,33,110550000,premium,2021-06-03,4,4,5,13,Leales
1230,0,19,5700000,retail,2021-03-14,5,2,1,8,Promedio
1231,17,18,7900000,retail,2022-12-14,3,2,2,7,Promedio
1232,51,16,5100000,retail,2021-10-23,2,1,1,4,Perdidos
1233,14,16,4550000,retail,2023-11-07,3,1,1,5,Promedio
1234,6,31,19700000,retail,2024-05-25,4,4,4,12,Leales
1235,1,16,9550000,retail,2021-03-02,5,1,2,8,Promedio
1236,0,13,13900000,retail,2023-07-28,5,1,3,9,Promedio
1237,232,21,10600000,retail,2021-02-11,1,2,3,6,Promedio
1238,11,36,13250000,retail,2021-01-25,4,5,3,12,Leales
1239,15,26,24300000,retail,2023-11-29,3,3,4,10,Necesitan Atención
1240,230,21,5550000,retail,2021-05-11,1,2,1,4,Perdidos
1241,8,35,59600000,premium,2024-06-06,4,5,5,14,Leales
1242,30,27,19450000,premium,2021-04-18,2,3,4,9,Promedio
1243,72,42,68400000,premium,2021-06-21,2,5,5,12,En Riesgo
1244,64,13,9100000,retail,2021-04-12,2,1,2,5,Perdidos
1245,93,16,4750000,retail,2023-05-16,1,1,1,3,Perdidos
1246,31,25,23550000,premium,2022-06-08,2,3,4,9,Promedio
1247,73,21,15700000,retail,2021-10-02,2,2,4,8,Hibernando
1248,0,58,62300000,premium,2023-12-04,5,5,5,15,Campeones
1249,24,31,31650000,premium,2023-03-28,3,4,5,12,Promedio
1250,25,48,41700000,premium,2023-08-15,3,5,5,13,Promedio
1251,9,22,10050000,retail,2023-11-07,4,2,3,9,Promedio
1252,26,17,12850000,retail,2021-11-26,3,1,3,7,Promedio
1253,13,35,54650000,premium,2021-01-12,3,5,5,13,Promedio
1254,82,26,12450000,retail,2021-08-04,1,3,3,7,Promedio
1255,12,18,5300000,retail,2021-12-05,4,2,1,7,Promedio
1256,104,31,32700000,retail,2022-10-23,1,4,5,10,En Riesgo
1257,0,28,22250000,premium,2024-01-10,5,4,4,13,Campeones
1258,101,20,5000000,retail,2022-01-09,1,2,1,4,Perdidos
1259,36,18,15250000,retail,2023-09-03,2,2,4,8,Hibernando
1260,123,15,5100000,retail,2022-12-11,1,1,1,3,Perdidos
1261,5,25,10600000,retail,2024-05-08,5,3,3,11,Promedio
1262,14,41,62500000,premium,2022-04-11,3,5,5,13,Promedio
1263,14,25,9800000,retail,2024-01-18,3,3,2,8,Necesitan Atención
1264,36,12,7100000,retail,2022-05-04,2,1,2,5,Perdidos
1265,12,39,31000000,premium,2021-02-16,4,5,5,14,Leales
1266,32,27,21400000,retail,2023-02-17,2,3,4,9,Promedio
1267,13,17,7100000,retail,2023-11-06,3,1,2,6,Promedio
1268,119,14,10850000,retail,2022-12-12,1,1,3,5,Promedio
1269,5,11,4250000,retail,2022-02-05,5,1,1,7,Promedio
1270,5,17,4500000,retail,2023-09-08,5,1,1,7,Promedio
1271,9,62,112850000,premium,2024-01-15,4,5,5,14,Leales
1272,49,65,66500000,premium,2021-09-07,2,5,5,12,En Riesgo
1273,103,34,26150000,premium,2022-01-26,1,4,4,9,En Riesgo
1274,15,32,58900000,premium,2021-12-01,3,4,5,12,Promedio
1275,101,35,27100000,retail,2022-09-21,1,5,4,10,En Riesgo
1276,15,24,9500000,retail,2021-05-17,3,3,2,8,Necesitan Atención
1277,15,29,12350000,retail,2023-06-02,3,4,3,10,Promedio
1278,228,32,8800000,retail,2022-11-19,1,4,2,7,En Riesgo
1279,10,23,7350000,retail,2023-04-07,4,3,2,9,Promedio
1280,151,34,13400000,retail,2022-12-28,1,4,3,8,En Riesgo
1281,4,58,140100000,premium,2022-08-17,5,5,5,15,Campeones
1282,0,19,7050000,retail,2024-05-31,5,2,2,9,Promedio
1283,20,24,15700000,retail,2023-09-17,3,3,4,10,Necesitan Atención
1284,45,14,7850000,retail,2022-01-07,2,1,2,5,Perdidos
1285,57,33,15500000,retail,2023-07-24,2,4,4,10,En Riesgo
1286,3,19,6450000,retail,2023-09-22,5,2,1,8,Promedio
1287,6,29,18100000,retail,2022-02-06,4,4,4,12,Leales
1288,36,35,40650000,retail,2022-09-07,2,5,5,12,En Riesgo
1289,5,24,13600000,retail,2024-03-28,5,3,3,11,Promedio
1290,7,30,18450000,retail,2024-03-21,4,4,4,12,Leales
1291,19,37,28300000,retail,2023-09-22,3,5,4,12,Promedio
1292,3,24,8800000,retail,2022-09-12,5,3,2,10,Promedio
1293,13,58,75150000,premium,2021-07-07,3,5,5,13,Promedio
1294,1,35,11450000,retail,2024-01-27,5,5,3,13,Leales
1295,40,23,7800000,retail,2021-05-11,2,3,2,7,Promedio
1296,29,17,8150000,retail,2023-03-16,2,1,2,5,Perdidos
1297,11,19,7550000,retail,2024-04-09,4,2,2,8,Promedio
1298,9,25,7200000,retail,2023-07-25,4,3,2,9,Promedio
1299,4,21,6700000,retail,2023-09-13,5,2,2,9,Promedio
1300,23,22,9300000,retail,2021-07-02,3,2,2,7,Promedio
1301,237,37,12050000,retail,2023-09-10,1,5,3,9,En Riesgo
1302,32,23,11450000,retail,2021-12-30,2,3,3,8,Promedio
1303,203,27,9500000,retail,2021-02-08,1,3,2,6,Promedio
1304,9,29,16200000,retail,2022-05-12,4,4,4,12,Leales
1305,18,14,14700000,retail,2023-09-09,3,1,3,7,Promedio
1306,2,71,287000000,premium,2023-07-10,5,5,5,15,Campeones
1307,8,25,28500000,retail,2022-12-23,4,3,4,11,Promedio
1308,9,16,6200000,retail,2024-03-30,4,1,1,6,Promedio
1309,294,17,4850000,retail,2021-01-16,1,1,1,3,Perdidos
1310,44,17,5700000,retail,2022-05-08,2,1,1,4,Perdidos
1311,19,17,7100000,retail,2024-02-06,3,1,2,6,Promedio
1312,1,22,18300000,retail,2023-06-13,5,2,4,11,Potenciales
1313,209,31,16700000,retail,2021-11-07,1,4,4,9,En Riesgo
1314,2,55,208550000,premium,2023-01-09,5,5,5,15,Campeones
1315,1,43,75000000,premium,2024-04-08,5,5,5,15,Campeones
1316,188,26,9650000,retail,2022-06-30,1,3,2,6,Promedio
1317,27,23,14300000,retail,2022-02-18,3,3,3,9,Necesitan Atención
1318,47,15,12300000,retail,2021-09-08,2,1,3,6,Promedio
1319,2,15,4150000,retail,2023-01-29,5,1,1,7,Promedio
1320,26,11,9950000,retail,2024-03-10,3,1,3,7,Promedio
1321,19,28,13650000,retail,2023-11-29,3,4,3,10,Promedio
1322,28,15,5650000,retail,2023-03-25,2,1,1,4,Perdidos
1323,83,23,7500000,retail,2021-01-29,1,3,2,6,Promedio
1324,19,17,11150000,retail,2023-08-16,3,1,3,7,Promedio
1325,4,45,43100000,premium,2022-04-22,5,5,5,15,Campeones
1326,13,25,9300000,retail,2021-11-14,3,3,2,8,Necesitan Atención
1327,189,16,5050000,retail,2021-09-02,1,1,1,3,Perdidos
1328,24,27,5750000,retail,2023-01-18,3,3,1,7,Necesitan Atención
1329,1,13,3950000,retail,2022-11-28,5,1,1,7,Promedio
1330,5,26,12250000,retail,2021-09-29,5,3,3,11,Promedio
1331,1,24,5000000,retail,2024-06-16,5,3,1,9,Promedio
1332,115,13,3150000,retail,2022-01-12,1,1,1,3,Perdidos
1333,239,31,9500000,retail,2021-09-23,1,4,2,7,En Riesgo
1334,8,19,6450000,retail,2023-07-15,4,2,1,7,Promedio
1335,7,17,6800000,retail,2023-07-10,4,1,2,7,Promedio
1336,5,11,4300000,retail,2021-12-06,5,1,1,7,Promedio
1337,30,42,36800000,premium,2022-01-24,2,5,5,12,En Riesgo
1338,6,21,5150000,retail,2022-07-31,4,2,1,7,Promedio
1339,40,21,12750000,retail,2021-01-03,2,2,3,7,Promedio
1340,0,26,17050000,retail,2024-03-11,5,3,4,12,Promedio
1341,17,21,9750000,retail,2022-01-11,3,2,2,7,Promedio
1342,57,29,9750000,retail,2021-11-20,2,4,2,8,En Riesgo
1343,127,10,3350000,retail,2021-05-26,1,1,1,3,Perdidos
1344,13,19,10650000,retail,2021-10-20,3,2,3,8,Promedio
1345,128,23,4350000,retail,2022-03-08,1,3,1,5,Promedio
1346,72,21,5300000,retail,2022-12-06,2,2,1,5,Perdidos
1347,15,27,16250000,retail,2023-08-07,3,4,4,11,Promedio
1348,45,16,3850000,retail,2022-08-08,2,1,1,4,Perdidos
1349,27,22,17400000,retail,2022-02-03,3,2,4,9,Promedio
1350,17,29,12100000,retail,2023-03-28,3,4,3,10,Promedio
1351,21,19,8950000,retail,2023-08-22,3,2,2,7,Promedio
1352,8,37,33350000,premium,2024-03-09,4,5,5,14,Leales
1353,129,26,18700000,retail,2021-07-06,1,3,4,8,Promedio
1354,20,32,30450000,retail,2021-03-02,3,4,5,12,Promedio
1355,0,26,19500000,retail,2023-07-28,5,3,4,12,Promedio
1356,18,20,8950000,retail,2022-12-11,3,2,2,7,Promedio
1357,15,22,5550000,retail,2023-03-18,3,2,1,6,Promedio
1358,18,17,19450000,retail,2021-01-11,3,1,4,8,Promedio
1359,7,56,100650000,premium,2023-12-22,4,5,5,14,Leales
1360,25,28,21100000,retail,2021-08-14,3,4,4,11,Promedio
1361,1,24,8500000,retail,2024-03-22,5,3,2,10,Promedio
1362,11,15,3200000,retail,2022-07-18,4,1,1,6,Promedio
1363,11,32,10400000,retail,2023-02-11,4,4,3,11,Leales
1364,62,20,8500000,retail,2023-06-04,2,2,2,6,Perdidos
1365,12,31,44050000,premium,2024-06-20,4,4,5,13,Leales
1366,15,18,10150000,retail,2024-02-05,3,2,3,8,Promedio
1367,29,41,23750000,premium,2021-08-14,2,5,4,11,En Riesgo
1368,61,26,33150000,premium,2023-04-05,2,3,5,10,Promedio
1369,16,14,5400000,retail,2021-08-06,3,1,1,5,Promedio
1370,16,20,27100000,retail,2023-07-26,3,2,4,9,Promedio
1371,24,18,5150000,retail,2023-01-23,3,2,1,6,Promedio
1372,38,19,8300000,retail,2022-05-21,2,2,2,6,Perdidos
1373,5,31,17350000,retail,2021-09-16,5,4,4,13,Campeones
1374,26,13,7800000,retail,2021-02-23,3,1,2,6,Promedio
1375,6,18,6900000,retail,2023-12-07,4,2,2,8,Promedio
1376,37,19,20900000,retail,2022-12-28,2,2,4,8,Hibernando
1377,16,75,110350000,premium,2022-11-20,3,5,5,13,Promedio
1378,3,25,6650000,retail,2024-01-28,5,3,2,10,Promedio
1379,11,28,23350000,premium,2023-11-10,4,4,4,12,Leales
1380,168,24,9550000,retail,2022-02-23,1,3,2,6,Promedio
1381,47,18,15900000,retail,2022-11-21,2,2,4,8,Hibernando
1382,41,29,5350000,retail,2023-04-30,2,4,1,7,En Riesgo
1383,5,16,7850000,retail,2021-03-03,5,1,2,8,Promedio
1384,7,41,60650000,premium,2024-03-14,4,5,5,14,Leales
1385,4,29,16450000,retail,2021-08-04,5,4,4,13,Campeones
1386,47,31,19750000,premium,2021-01-03,2,4,4,10,En Riesgo
1387,30,23,9200000,retail,2021-06-09,2,3,2,7,Promedio
1388,290,28,20150000,retail,2023-02-20,1,4,4,9,En Riesgo
1389,5,19,11250000,retail,2024-02-18,5,2,3,10,Promedio
1390,13,47,42850000,premium,2023-06-12,3,5,5,13,Promedio
1391,0,57,81550000,premium,2024-01-18,5,5,5,15,Campeones
1392,53,14,7250000,retail,2021-11-25,2,1,2,5,Perdidos
1393,150,17,4100000,retail,2022-08-03,1,1,1,3,Perdidos
1394,20,30,19900000,retail,2023-08-10,3,4,4,11,Promedio
1395,6,29,19350000,retail,2022-09-27,4,4,4,12,Leales
1396,7,55,46750000,premium,2023-09-15,4,5,5,14,Leales
1397,12,39,106550000,premium,2024-05-03,4,5,5,14,Leales
1398,9,24,16100000,retail,2023-07-10,4,3,4,11,Promedio
1399,63,22,19000000,retail,2023-01-08,2,2,4,8,Hibernando
1400,14,22,17300000,retail,2021-06-19,3,2,4,9,Promedio
1401,187,19,4050000,retail,2022-06-05,1,2,1,4,Perdidos
1402,14,56,72550000,premium,2021-02-09,3,5,5,13,Promedio
1403,33,23,17100000,retail,2023-08-13,2,3,4,9,Promedio
1404,13,32,55950000,premium,2024-06-03,3,4,5,12,Promedio
1405,1,17,6000000,retail,2023-09-11,5,1,1,7,Promedio
1406,31,62,69800000,premium,2024-02-22,2,5,5,12,En Riesgo
1407,19,21,4850000,retail,2023-09-02,3,2,1,6,Promedio
1408,26,23,16750000,retail,2021-02-07,3,3,4,10,Necesitan Atención
1409,97,30,52050000,premium,2021-11-24,1,4,5,10,En Riesgo
1410,35,26,7950000,retail,2024-06-28,2,3,2,7,Promedio
1411,0,24,12700000,retail,2024-04-14,5,3,3,11,Promedio
1412,21,56,49600000,premium,2023-07-03,3,5,5,13,Promedio
1413,3,76,125900000,premium,2022-03-30,5,5,5,15,Campeones
1414,34,15,6250000,retail,2021-02-06,2,1,1,4,Perdidos
1415,28,19,12800000,retail,2023-08-31,2,2,3,7,Promedio
1416,259,27,7200000,retail,2023-03-07,1,4,2,7,En Riesgo
1417,29,15,7300000,retail,2023-08-31,2,1,2,5,Perdidos
1418,119,24,12700000,retail,2022-08-16,1,3,3,7,Promedio
1419,268,32,21500000,retail,2024-02-12,1,4,4,9,En Riesgo
1420,43,21,17250000,retail,2023-11-30,2,2,4,8,Hibernando
1421,33,13,11950000,retail,2021-08-12,2,1,3,6,Promedio
1422,21,16,5300000,retail,2021-11-14,3,1,1,5,Promedio
1423,152,35,17300000,retail,2021-12-15,1,5,4,10,En Riesgo
1424,30,22,9800000,retail,2021-04-25,2,2,2,6,Perdidos
1425,6,34,22000000,retail,2022-11-29,4,4,4,12,Leales
1426,16,31,9450000,retail,2023-11-30,3,4,2,9,Promedio
1427,8,19,11750000,retail,2021-02-09,4,2,3,9,Promedio
1428,1,49,23050000,premium,2021-08-04,5,5,4,14,Campeones
1429,80,14,14300000,retail,2024-03-16,1,1,3,5,Promedio
1430,145,18,8250000,retail,2021-12-02,1,2,2,5,Perdidos
1431,0,26,19600000,retail,2024-04-06,5,3,4,12,Promedio
1432,25,19,6900000,retail,2021-04-02,3,2,2,7,Promedio
1433,1,27,24150000,retail,2021-12-19,5,4,4,13,Campeones
1434,302,25,11550000,retail,2022-07-25,1,3,3,7,Promedio
1435,76,18,4600000,retail,2023-03-27,1,2,1,4,Perdidos
1436,7,26,7900000,retail,2023-02-20,4,3,2,9,Promedio
1437,17,21,7700000,retail,2021-12-29,3,2,2,7,Promedio
1438,14,37,91350000,premium,2022-07-11,3,5,5,13,Promedio
1439,4,18,4250000,retail,2024-04-08,5,2,1,8,Promedio
1440,4,20,15100000,retail,2021-12-22,5,2,4,11,Potenciales
1441,2,23,11250000,retail,2021-07-10,5,3,3,11,Promedio
1442,18,52,51050000,premium,2022-02-26,3,5,5,13,Promedio
1443,10,23,17900000,retail,2022-12-01,4,3,4,11,Promedio
1444,10,19,14800000,retail,2021-01-07,4,2,3,9,Promedio
1445,18,43,38600000,premium,2021-05-13,3,5,5,13,Promedio
1446,5,67,42550000,premium,2022-07-11,5,5,5,15,Campeones
1447,4,69,190550000,premium,2023-04-06,5,5,5,15,Campeones
1448,204,20,11500000,retail,2023-01-31,1,2,3,6,Promedio
1449,11,33,8500000,retail,2023-11-21,4,4,2,10,Leales
1450,60,17,6850000,retail,2022-06-19,2,1,2,5,Perdidos
1451,215,33,18500000,retail,2022-03-02,1,4,4,9,En Riesgo
1452,142,32,27450000,retail,2022-11-03,1,4,4,9,En Riesgo
1453,17,21,8050000,retail,2021-12-29,3,2,2,7,Promedio
1454,6,52,70700000,premium,2021-03-23,4,5,5,14,Leales
1455,27,23,14300000,retail,2021-12-22,3,3,3,9,Necesitan Atención
1456,138,20,10200000,retail,2022-08-12,1,2,3,6,Promedio
1457,18,36,24000000,retail,2021-10-22,3,5,4,12,Promedio
1458,15,14,4550000,retail,2024-06-01,3,1,1,5,Promedio
1459,0,32,16100000,retail,2023-12-06,5,4,4,13,Campeones
1460,271,20,8500000,retail,2024-02-11,1,2,2,5,Perdidos
1461,0,31,15300000,retail,2024-06-10,5,4,4,13,Campeones
1462,11,28,10800000,retail,2021-01-17,4,4,3,11,Leales
1463,203,26,10150000,retail,2021-12-26,1,3,3,7,Promedio
1464,5,24,7100000,retail,2024-05-31,5,3,2,10,Promedio
1465,6,34,38650000,premium,2023-05-16,4,4,5,13,Leales
1466,18,26,11850000,retail,2022-12-01,3,3,3,9,Necesitan Atención
1467,30,25,18450000,retail,2022-03-24,2,3,4,9,Promedio
1468,9,19,15300000,premium,2023-05-06,4,2,4,10,Potenciales
1469,19,27,15700000,retail,2021-12-31,3,4,4,11,Promedio
1470,1,44,129800000,premium,2022-11-06,5,5,5,15,Campeones
1471,1,26,26650000,retail,2023-10-05,5,3,4,12,Promedio
1472,1,66,114550000,premium,2022-04-12,5,5,5,15,Campeones
1473,29,19,13950000,retail,2022-02-18,2,2,3,7,Promedio
1474,6,76,99150000,premium,2022-08-09,4,5,5,14,Leales
1475,6,19,6550000,retail,2024-06-10,4,2,1,7,Promedio
1476,4,32,105500000,premium,2024-06-01,5,4,5,14,Campeones
1477,5,30,15300000,retail,2023-09-21,5,4,4,13,Campeones
1478,304,25,7700000,retail,2022-07-26,1,3,2,6,Promedio
1479,100,62,134550000,premium,2021-12-01,1,5,5,11,En Riesgo
1480,12,25,9050000,retail,2024-05-30,4,3,2,9,Promedio
1481,17,16,10450000,retail,2021-02-06,3,1,3,7,Promedio
1482,6,16,8450000,retail,2023-09-16,4,1,2,7,Promedio
1483,296,14,4950000,retail,2021-10-05,1,1,1,3,Perdidos
1484,10,25,6350000,retail,2024-05-04,4,3,1,8,Promedio
1485,10,16,5000000,retail,2023-07-05,4,1,1,6,Promedio
1486,11,49,60300000,premium,2022-04-29,4,5,5,14,Leales
1487,6,15,6200000,retail,2024-06-19,4,1,1,6,Promedio
1488,40,24,13550000,retail,2023-01-01,2,3,3,8,Promedio
1489,6,58,58800000,premium,2021-07-11,4,5,5,14,Leales
1490,0,40,43650000,premium,2023-11-07,5,5,5,15,Campeones
1491,64,30,11750000,retail,2022-06-08,2,4,3,9,En Riesgo
1492,133,26,9850000,retail,2023-07-07,1,3,3,7,Promedio
1493,8,24,8400000,retail,2022-02-05,4,3,2,9,Promedio
1494,34,21,20000000,retail,2023-06-05,2,2,4,8,Hibernando
1495,20,29,35500000,retail,2022-12-06,3,4,5,12,Promedio
1496,216,32,13450000,retail,2021-01-22,1,4,3,8,En Riesgo
1497,10,21,12350000,retail,2022-04-19,4,2,3,9,Promedio
1498,6,28,20800000,retail,2024-02-18,4,4,4,12,Leales
1499,10,49,70950000,premium,2021-07-29,4,5,5,14,Leales
1500,12,56,83950000,premium,2021-11-02,4,5,5,14,Leales
1501,3,20,11150000,retail,2022-12-05,5,2,3,10,Promedio
1502,57,17,7100000,retail,2022-11-18,2,1,2,5,Perdidos
1503,19,14,14750000,retail,2021-10-12,3,1,3,7,Promedio
1504,0,63,104200000,premium,2022-12-17,5,5,5,15,Campeones
1505,141,29,28150000,retail,2023-02-02,1,4,4,9,En Riesgo
1506,23,14,8150000,retail,2024-06-04,3,1,2,6,Promedio
1507,5,33,101850000,premium,2023-08-06,5,4,5,14,Campeones
1508,6,33,32100000,premium,2022-01-16,4,4,5,13,Leales
1509,17,40,73750000,premium,2022-04-05,3,5,5,13,Promedio
1510,54,28,15400000,retail,2023-10-28,2,4,4,10,En Riesgo
1511,3,19,6200000,retail,2021-01-29,5,2,1,8,Promedio
1512,98,36,28150000,retail,2023-06-26,1,5,4,10,En Riesgo
1513,5,38,44650000,premium,2023-11-23,5,5,5,15,Campeones
1514,10,70,109750000,premium,2023-05-29,4,5,5,14,Leales
1515,23,19,7700000,retail,2021-03-20,3,2,2,7,Promedio
1516,47,23,6300000,retail,2023-08-05,2,3,1,6,Promedio
1517,108,19,6650000,retail,2022-04-04,1,2,2,5,Perdidos
1518,5,51,59200000,premium,2022-07-24,5,5,5,15,Campeones
1519,98,40,68100000,premium,2023-01-08,1,5,5,11,En Riesgo
1520,22,21,10300000,retail,2022-05-31,3,2,3,8,Promedio
1521,21,28,5800000,retail,2024-01-28,3,4,1,8,Promedio
1522,59,15,10650000,retail,2022-02-01,2,1,3,6,Promedio
1523,26,45,89400000,premium,2021-02-08,3,5,5,13,Promedio
1524,9,42,64500000,premium,2023-06-06,4,5,5,14,Leales
1525,7,42,67500000,premium,2023-03-08,4,5,5,14,Leales
1526,4,21,18600000,retail,2021-06-06,5,2,4,11,Potenciales
1527,28,18,8500000,retail,2024-01-04,2,2,2,6,Perdidos
1528,189,28,11150000,retail,2023-06-03,1,4,3,8,En Riesgo
1529,1,11,3850000,retail,2024-02-28,5,1,1,7,Promedio
1530,10,44,48400000,premium,2023-09-01,4,5,5,14,Leales
1531,13,64,119850000,premium,2024-01-13,3,5,5,13,Promedio
1532,6,34,26000000,premium,2023-11-12,4,4,4,12,Leales
1533,14,25,36100000,premium,2023-04-29,3,3,5,11,Necesitan Atención
1534,20,20,8850000,retail,2023-01-18,3,2,2,7,Promedio
1535,5,27,12750000,retail,2023-09-16,5,4,3,12,Leales
1536,1,51,50550000,premium,2021-01-21,5,5,5,15,Campeones
1537,8,40,44050000,premium,2021-10-30,4,5,5,14,Leales
1538,39,17,14800000,retail,2023-05-19,2,1,3,6,Promedio
1539,71,13,7850000,retail,2021-03-25,2,1,2,5,Perdidos
1540,12,13,2950000,retail,2022-07-24,4,1,1,6,Promedio
1541,0,41,65850000,premium,2023-07-23,5,5,5,15,Campeones
1542,5,21,8200000,retail,2024-03-31,5,2,2,9,Promedio
1543,2,22,5900000,retail,2024-04-01,5,3,1,9,Promedio
1544,291,25,10550000,retail,2023-10-06,1,3,3,7,Promedio
1545,27,20,6800000,retail,2023-03-04,3,2,2,7,Promedio
1546,19,34,33250000,retail,2023-03-03,3,4,5,12,Promedio
1547,15,19,9900000,retail,2022-05-07,3,2,3,8,Promedio
1548,277,29,5900000,retail,2021-07-27,1,4,1,6,En Riesgo
1549,31,17,3100000,retail,2023-12-20,2,1,1,4,Perdidos
1550,8,10,3900000,retail,2022-03-06,4,1,1,6,Promedio
1551,6,18,12250000,retail,2023-09-12,4,2,3,9,Promedio
1552,10,58,47250000,premium,2022-06-04,4,5,5,14,Leales
1553,10,26,5900000,retail,2022-08-14,4,3,1,8,Promedio
1554,6,22,23200000,retail,2023-11-17,4,3,4,11,Promedio
1555,1,55,70500000,premium,2021-07-18,5,5,5,15,Campeones
1556,76,16,10000000,retail,2022-01-22,1,1,3,5,Promedio
1557,98,13,7100000,retail,2021-12-15,1,1,2,4,Perdidos
1558,38,14,8400000,retail,2023-08-18,2,1,2,5,Perdidos
1559,213,33,18600000,retail,2022-11-24,1,4,4,9,En Riesgo
1560,20,27,15000000,retail,2022-01-13,3,4,4,11,Promedio
1561,8,32,9050000,retail,2023-06-18,4,4,2,10,Leales
1562,108,14,3600000,retail,2023-07-05,1,1,1,3,Perdidos
1563,36,22,11000000,retail,2022-06-11,2,3,3,8,Promedio
1564,6,35,13200000,retail,2024-03-22,4,5,3,12,Leales
1565,17,15,11350000,retail,2023-01-04,3,1,3,7,Promedio
1566,57,22,15850000,retail,2021-07-25,2,3,4,9,Promedio
1567,21,22,14550000,retail,2022-03-31,3,3,3,9,Necesitan Atención
1568,2,35,17000000,retail,2024-06-13,5,5,4,14,Campeones
1569,94,40,49000000,premium,2022-06-05,1,5,5,11,En Riesgo
1570,5,23,3800000,retail,2023-10-14,5,3,1,9,Promedio
1571,28,11,3050000,retail,2023-08-14,2,1,1,4,Perdidos
1572,114,16,5350000,retail,2022-12-27,1,1,1,3,Perdidos
1573,13,29,16700000,retail,2023-10-11,3,4,4,11,Promedio
1574,33,11,5200000,retail,2022-05-16,2,1,1,4,Perdidos
1575,0,52,46800000,premium,2021-04-27,5,5,5,15,Campeones
1576,43,37,104600000,premium,2022-01-21,2,5,5,12,En Riesgo
1577,30,22,18200000,retail,2022-08-07,2,3,4,9,Promedio
1578,14,62,71250000,premium,2022-01-30,3,5,5,13,Promedio
1579,5,18,6950000,retail,2023-12-24,5,2,2,9,Promedio
1580,18,29,7300000,retail,2022-12-22,3,4,2,9,Promedio
1581,9,19,11450000,retail,2021-03-13,4,2,3,9,Promedio
1582,3,71,44000000,premium,2021-10-01,5,5,5,15,Campeones
1583,279,22,3450000,retail,2021-12-04,1,3,1,5,Promedio
1584,248,16,3000000,retail,2022-08-30,1,1,1,3,Perdidos
1585,7,32,14900000,retail,2021-06-15,4,4,4,12,Leales
1586,17,32,21200000,retail,2021-01-11,3,4,4,11,Promedio
1587,18,25,6500000,retail,2022-12-30,3,3,1,7,Necesitan Atención
1588,104,14,9400000,retail,2023-03-12,1,1,2,4,Perdidos
1589,16,24,8250000,retail,2021-04-12,3,3,2,8,Necesitan Atención
1590,53,31,17800000,retail,2023-02-18,2,4,4,10,En Riesgo
1591,15,29,12300000,retail,2021-08-02,3,4,3,10,Promedio
1592,18,17,4450000,retail,2024-01-17,3,1,1,5,Promedio
1593,21,27,23350000,retail,2022-02-05,3,4,4,11,Promedio
1594,49,19,4000000,retail,2022-08-11,2,2,1,5,Perdidos
1595,26,35,16550000,premium,2023-06-08,3,5,4,12,Promedio
1596,13,25,10350000,retail,2023-12-06,3,3,3,9,Necesitan Atención
1597,124,21,9700000,retail,2022-08-15,1,2,2,5,Perdidos
1598,5,28,18600000,retail,2024-01-15,5,4,4,13,Campeones
1599,8,26,36750000,retail,2021-04-02,4,3,5,12,Promedio
1600,3,32,36250000,retail,2022-11-04,5,4,5,14,Campeones
1601,22,23,19400000,retail,2022-12-15,3,3,4,10,Necesitan Atención
1602,3,23,5000000,retail,2023-07-25,5,3,1,9,Promedio
1603,41,27,9850000,retail,2021-08-30,2,4,3,9,En Riesgo
1604,8,23,17250000,retail,2021-01-02,4,3,4,11,Promedio
1605,19,22,17700000,retail,2021-08-13,3,3,4,10,Necesitan Atención
1606,14,12,8650000,retail,2023-03-12,3,1,2,6,Promedio
1607,3,33,14250000,retail,2022-08-12,5,4,3,12,Leales
1608,30,27,12700000,retail,2021-04-26,2,4,3,9,En Riesgo
1609,10,18,7050000,retail,2023-07-07,4,2,2,8,Promedio
1610,4,17,6400000,retail,2024-02-01,5,1,1,7,Promedio
1611,5,13,3850000,retail,2021-07-13,5,1,1,7,Promedio
1612,38,17,8950000,retail,2024-04-04,2,1,2,5,Perdidos
1613,53,20,8500000,retail,2023-05-21,2,2,2,6,Perdidos
1614,1,38,12750000,retail,2021-03-31,5,5,3,13,Leales
1615,0,77,47350000,premium,2021-05-02,5,5,5,15,Campeones
1616,8,58,81300000,premium,2021-05-23,4,5,5,14,Leales
1617,39,15,7400000,retail,2023-09-21,2,1,2,5,Perdidos
1618,6,26,11200000,retail,2021-04-16,4,3,3,10,Promedio
1619,4,47,99250000,premium,2023-06-06,5,5,5,15,Campeones
1620,97,18,6150000,retail,2022-03-04,1,2,1,4,Perdidos
1621,48,12,5950000,retail,2021-11-13,2,1,1,4,Perdidos
1622,189,22,8600000,retail,2022-09-27,1,3,2,6,Promedio
1623,37,16,9300000,retail,2021-01-09,2,1,2,5,Perdidos
1624,5,26,14250000,retail,2023-02-13,5,3,3,11,Promedio
1625,0,22,30050000,retail,2024-01-02,5,3,4,12,Promedio
1626,260,18,12600000,retail,2021-08-11,1,2,3,6,Promedio
1627,62,19,9250000,retail,2022-07-07,2,2,2,6,Perdidos
1628,231,19,3300000,retail,2022-12-17,1,2,1,4,Perdidos
1629,32,19,6450000,retail,2024-01-13,2,2,1,5,Perdidos
1630,261,30,25050000,retail,2021-04-21,1,4,4,9,En Riesgo
1631,8,32,11700000,retail,2021-09-08,4,4,3,11,Leales
1632,11,55,100700000,premium,2022-01-18,4,5,5,14,Leales
1633,46,20,4400000,retail,2021-01-07,2,2,1,5,Perdidos
1634,9,13,5150000,retail,2022-04-04,4,1,1,6,Promedio
1635,39,12,12950000,retail,2024-01-13,2,1,3,6,Promedio
1636,93,26,7400000,retail,2021-07-27,1,3,2,6,Promedio
1637,282,18,12400000,retail,2023-06-19,1,2,3,6,Promedio
1638,40,18,4550000,retail,2021-01-22,2,2,1,5,Perdidos
1639,86,25,8500000,retail,2022-02-14,1,3,2,6,Promedio
1640,2,22,10500000,retail,2023-06-14,5,3,3,11,Promedio
1641,247,26,7300000,retail,2022-05-30,1,3,2,6,Promedio
1642,9,25,12350000,retail,2024-02-25,4,3,3,10,Promedio
1643,12,28,7700000,retail,2023-03-20,4,4,2,10,Leales
1644,99,33,12600000,retail,2023-05-24,1,4,3,8,En Riesgo
1645,52,20,8550000,retail,2021-01-14,2,2,2,6,Perdidos
1646,4,64,120500000,premium,2023-08-29,5,5,5,15,Campeones
1647,3,15,9800000,retail,2023-09-05,5,1,3,9,Promedio
1648,3,33,15800000,retail,2023-10-11,5,4,4,13,Campeones
1649,6,20,12350000,retail,2023-11-02,4,2,3,9,Promedio
1650,134,11,5950000,retail,2021-03-28,1,1,1,3,Perdidos
1651,96,12,4300000,retail,2023-06-28,1,1,1,3,Perdidos
1652,0,20,10200000,retail,2024-06-20,5,2,3,10,Promedio
1653,7,38,16000000,retail,2021-05-02,4,5,4,13,Leales
1654,12,24,21100000,retail,2024-03-16,4,3,4,11,Promedio
1655,2,31,9900000,retail,2023-01-20,5,4,3,12,Leales
1656,12,32,25300000,retail,2022-11-16,4,4,4,12,Leales
1657,7,30,15750000,retail,2021-11-05,4,4,4,12,Leales
1658,8,29,23400000,retail,2022-11-26,4,4,4,12,Leales
1659,7,25,9800000,retail,2021-10-15,4,3,3,10,Promedio
1660,41,20,16700000,retail,2021-11-03,2,2,4,8,Hibernando
1661,20,19,6850000,retail,2023-07-03,3,2,2,7,Promedio
1662,17,28,29400000,premium,2022-10-24,3,4,4,11,Promedio
1663,267,32,10650000,retail,2022-07-03,1,4,3,8,En Riesgo
1664,45,20,14650000,retail,2021-11-08,2,2,3,7,Promedio
1665,5,19,6200000,retail,2023-05-23,5,2,1,8,Promedio
1666,299,19,5000000,retail,2023-12-19,1,2,1,4,Perdidos
1667,16,15,1850000,retail,2023-07-13,3,1,1,5,Promedio
1668,31,28,27550000,retail,2023-01-25,2,4,4,10,En Riesgo
1669,32,21,5700000,retail,2021-02-04,2,2,1,5,Perdidos
1670,19,13,2100000,retail,2022-03-21,3,1,1,5,Promedio
1671,26,18,4250000,retail,2021-04-03,3,2,1,6,Promedio
1672,6,26,32650000,premium,2024-05-15,4,3,5,12,Promedio
1673,280,16,4650000,retail,2021-12-19,1,1,1,3,Perdidos
1674,25,14,11350000,retail,2023-06-22,3,1,3,7,Promedio
1675,16,22,10750000,retail,2023-05-12,3,3,3,9,Necesitan Atención
1676,104,58,29150000,premium,2021-06-08,1,5,4,10,En Riesgo
1677,34,26,8950000,retail,2023-08-15,2,3,2,7,Promedio
1678,27,17,9100000,retail,2021-01-24,3,1,2,6,Promedio
1679,12,36,70700000,premium,2022-02-08,4,5,5,14,Leales
1680,39,34,88050000,premium,2023-03-16,2,4,5,11,En Riesgo
1681,10,44,31700000,premium,2022-05-31,4,5,5,14,Leales
1682,70,13,3200000,retail,2023-01-02,2,1,1,4,Perdidos
1683,229,25,3300000,retail,2022-06-16,1,3,1,5,Promedio
1684,33,15,4900000,retail,2023-08-14,2,1,1,4,Perdidos
1685,7,43,28250000,premium,2021-06-01,4,5,4,13,Leales
1686,44,26,8500000,retail,2023-08-05,2,3,2,7,Promedio
1687,271,14,1850000,retail,2022-08-31,1,1,1,3,Perdidos
1688,16,13,2250000,retail,2022-02-24,3,1,1,5,Promedio
1689,7,28,3700000,retail,2024-06-27,4,4,1,9,Leales
1690,5,28,9050000,retail,2024-02-15,5,4,2,11,Leales
1691,129,24,17700000,retail,2023-05-16,1,3,4,8,Promedio
1692,3,31,24450000,retail,2022-08-01,5,4,4,13,Campeones
1693,112,27,12700000,retail,2021-12-01,1,4,3,8,En Riesgo
1694,248,24,7800000,retail,2023-07-21,1,3,2,6,Promedio
1695,5,16,19900000,retail,2021-10-22,5,1,4,10,Potenciales
1696,10,23,11500000,retail,2023-01-25,4,3,3,10,Promedio
1697,17,23,11450000,retail,2021-07-05,3,3,3,9,Necesitan Atención
1698,8,25,5950000,retail,2024-06-23,4,3,1,8,Promedio
1699,255,19,4800000,retail,2022-09-29,1,2,1,4,Perdidos
1700,17,16,5500000,retail,2024-06-14,3,1,1,5,Promedio
1701,50,23,8000000,retail,2022-06-14,2,3,2,7,Promedio
1702,197,21,14750000,retail,2021-01-21,1,2,3,6,Promedio
1703,4,12,4400000,retail,2023-06-30,5,1,1,7,Promedio
1704,1,21,7100000,retail,2023-05-17,5,2,2,9,Promedio
1705,57,13,8350000,retail,2023-03-05,2,1,2,5,Perdidos
1706,38,24,75700000,premium,2021-04-10,2,3,5,10,Promedio
1707,31,29,18800000,retail,2023-01-22,2,4,4,10,En Riesgo
1708,2,41,51200000,premium,2022-04-23,5,5,5,15,Campeones
1709,9,15,6300000,retail,2023-07-29,4,1,1,6,Promedio
1710,61,19,8750000,retail,2022-06-10,2,2,2,6,Perdidos
1711,39,16,4500000,retail,2021-11-30,2,1,1,4,Perdidos
1712,22,25,25350000,retail,2021-01-02,3,3,4,10,Necesitan Atención
1713,4,31,15750000,retail,2022-01-10,5,4,4,13,Campeones
1714,122,13,6350000,retail,2021-10-20,1,1,1,3,Perdidos
1715,75,10,5350000,retail,2023-04-17,1,1,1,3,Perdidos
1716,19,49,130600000,premium,2023-10-02,3,5,5,13,Promedio
1717,1,68,105600000,premium,2022-07-07,5,5,5,15,Campeones
1718,2,73,73450000,premium,2021-11-14,5,5,5,15,Campeones
1719,34,14,16900000,retail,2022-01-16,2,1,4,7,Hibernando
1720,109,14,12500000,retail,2021-01-14,1,1,3,5,Promedio
1721,0,60,75350000,premium,2022-05-19,5,5,5,15,Campeones
1722,34,20,6400000,retail,2021-08-19,2,2,1,5,Perdidos
1723,203,34,14300000,retail,2024-01-13,1,4,3,8,En Riesgo
1724,9,14,9050000,retail,2021-05-10,4,1,2,7,Promedio
1725,16,29,13750000,retail,2023-04-18,3,4,3,10,Promedio
1726,16,32,11350000,premium,2024-03-14,3,4,3,10,Promedio
1727,46,31,14550000,retail,2023-06-10,2,4,3,9,En Riesgo
1728,216,14,7150000,retail,2021-01-28,1,1,2,4,Perdidos
1729,17,21,15100000,retail,2021-03-07,3,2,4,9,Promedio
1730,16,33,10550000,retail,2024-04-01,3,4,3,10,Promedio
1731,14,23,12150000,retail,2024-06-06,3,3,3,9,Necesitan Atención
1732,4,70,71400000,premium,2021-09-18,5,5,5,15,Campeones
1733,116,14,10000000,retail,2022-04-05,1,1,3,5,Promedio
1734,233,36,17850000,retail,2021-10-28,1,5,4,10,En Riesgo
1735,32,18,23750000,retail,2023-07-08,2,2,4,8,Hibernando
1736,7,51,248250000,premium,2021-10-14,4,5,5,14,Leales
1737,27,19,8250000,retail,2023-10-31,3,2,2,7,Promedio
1738,62,27,18700000,premium,2022-09-22,2,4,4,10,En Riesgo
1739,141,19,5500000,retail,2021-09-27,1,2,1,4,Perdidos
1740,105,16,3450000,retail,2022-08-15,1,1,1,3,Perdidos
1741,0,31,13150000,retail,2023-04-24,5,4,3,12,Leales
1742,38,36,37050000,retail,2023-05-12,2,5,5,12,En Riesgo
1743,2,22,12750000,retail,2021-05-13,5,3,3,11,Promedio
1744,39,34,16650000,retail,2023-08-30,2,4,4,10,En Riesgo
1745,29,14,2300000,retail,2022-05-28,2,1,1,4,Perdidos
1746,4,35,86500000,premium,2021-11-09,5,5,5,15,Campeones
1747,120,18,9750000,retail,2022-07-30,1,2,2,5,Perdidos
1748,26,16,7350000,retail,2023-06-05,3,1,2,6,Promedio
1749,0,66,105800000,premium,2024-02-19,5,5,5,15,Campeones
1750,4,21,20350000,retail,2024-02-05,5,2,4,11,Potenciales
1751,7,37,22550000,retail,2022-11-18,4,5,4,13,Leales
1752,1,34,20000000,premium,2024-05-12,5,4,4,13,Campeones
1753,7,21,11750000,retail,2021-06-14,4,2,3,9,Promedio
1754,95,28,36950000,retail,2021-11-01,1,4,5,10,En Riesgo
1755,19,18,10500000,retail,2021-06-05,3,2,3,8,Promedio
1756,166,19,3850000,retail,2022-09-12,1,2,1,4,Perdidos
1757,2,34,24400000,retail,2024-06-28,5,5,4,14,Campeones
1758,11,18,5250000,retail,2023-08-15,4,2,1,7,Promedio
1759,27,35,60550000,premium,2021-11-30,3,5,5,13,Promedio
1760,39,15,6650000,retail,2023-08-27,2,1,2,5,Perdidos
1761,8,13,8050000,retail,2022-05-26,4,1,2,7,Promedio
1762,173,24,7800000,retail,2023-11-10,1,3,2,6,Promedio
1763,33,16,4050000,retail,2021-10-09,2,1,1,4,Perdidos
1764,13,33,8200000,retail,2023-03-08,3,4,2,9,Promedio
1765,21,21,11050000,retail,2023-10-22,3,2,3,8,Promedio
1766,22,19,16850000,retail,2021-04-29,3,2,4,9,Promedio
1767,1,35,8850000,retail,2023-11-25,5,5,2,12,Leales
1768,33,47,136850000,premium,2021-07-17,2,5,5,12,En Riesgo
1769,28,33,15850000,retail,2022-04-30,2,4,4,10,En Riesgo
1770,1,43,74550000,premium,2023-12-19,5,5,5,15,Campeones
1771,44,19,5100000,retail,2023-04-17,2,2,1,5,Perdidos
1772,12,47,40850000,premium,2024-03-30,4,5,5,14,Leales
1773,4,18,9050000,retail,2023-10-06,5,2,2,9,Promedio
1774,4,25,15750000,retail,2022-11-22,5,3,4,12,Promedio
1775,19,32,10050000,retail,2024-05-14,3,4,3,10,Promedio
1776,160,16,2650000,retail,2023-11-02,1,1,1,3,Perdidos
1777,22,37,18100000,retail,2022-05-05,3,5,4,12,Promedio
1778,152,21,13600000,retail,2021-10-03,1,2,3,6,Promedio
1779,121,22,10800000,retail,2022-11-24,1,3,3,7,Promedio
1780,12,27,24450000,retail,2021-08-30,4,4,4,12,Leales
1781,6,24,17650000,retail,2024-05-24,4,3,4,11,Promedio
1782,0,12,2350000,retail,2024-06-28,5,1,1,7,Promedio
1783,88,23,23150000,retail,2021-05-06,1,3,4,8,Promedio
1784,153,18,1650000,retail,2021-08-05,1,2,1,4,Perdidos
1785,3,25,20550000,retail,2024-04-23,5,3,4,12,Promedio
1786,2,65,108250000,premium,2023-11-29,5,5,5,15,Campeones
1787,3,27,8250000,retail,2024-05-31,5,4,2,11,Leales
1788,4,31,18300000,retail,2024-04-22,5,4,4,13,Campeones
1789,38,19,7000000,retail,2022-05-10,2,2,2,6,Perdidos
1790,5,53,61700000,premium,2022-03-03,5,5,5,15,Campeones
1791,10,18,7950000,retail,2024-04-16,4,2,2,8,Promedio
1792,302,24,11150000,retail,2023-07-08,1,3,3,7,Promedio
1793,224,31,9850000,retail,2021-05-31,1,4,3,8,En Riesgo
1794,121,24,8600000,retail,2022-01-19,1,3,2,6,Promedio
1795,129,22,7350000,retail,2021-11-04,1,3,2,6,Promedio
1796,0,37,16200000,premium,2023-01-16,5,5,4,14,Campeones
1797,1,69,81500000,premium,2023-06-11,5,5,5,15,Campeones
1798,29,29,13800000,retail,2022-01-10,2,4,3,9,En Riesgo
1799,42,21,14150000,retail,2023-10-29,2,2,3,7,Promedio
1800,46,58,129100000,premium,2021-05-09,2,5,5,12,En Riesgo
