ds,trend,yhat_lower,yhat_upper,trend_lower,trend_upper,additive_terms,additive_terms_lower,additive_terms_upper,balance_promedio_norm,balance_promedio_norm_lower,balance_promedio_norm_upper,churn_rate_norm,churn_rate_norm_lower,churn_rate_norm_upper,extra_regressors_additive,extra_regressors_additive_lower,extra_regressors_additive_upper,productos_activos_norm,productos_activos_norm_lower,productos_activos_norm_upper,yearly,yearly_lower,yearly_upper,multiplicative_terms,multiplicative_terms_lower,multiplicative_terms_upper,yhat
2022-12-26,61835921.22675,-19163946.329342686,118223143.64346473,61835921.22675,61835921.22675,-10189942.82797531,-10189942.82797531,-10189942.82797531,-7999307.3209477505,-7999307.3209477505,-7999307.3209477505,18356532.429721545,18356532.429721545,18356532.429721545,10357225.108773796,10357225.108773796,10357225.108773796,0.0,0.0,0.0,-20547167.936749108,-20547167.936749108,-20547167.936749108,0.0,0.0,0.0,51645978.39877469
2023-01-02,62310706.61271071,-15024692.55164449,129349128.26281467,62310706.61271071,62310706.61271071,-2464763.124259078,-2464763.124259078,-2464763.124259078,-7999307.3209477505,-7999307.3209477505,-7999307.3209477505,18356532.429721545,18356532.429721545,18356532.429721545,10357225.108773796,10357225.108773796,10357225.108773796,0.0,0.0,0.0,-12821988.233032875,-12821988.233032875,-12821988.233032875,0.0,0.0,0.0,59845943.48845163
2023-01-09,62785491.99867143,-7640162.097629541,145493364.21565327,62785491.99867143,62785491.99867143,7038056.761992394,7038056.761992394,7038056.761992394,-7999307.3209477505,-7999307.3209477505,-7999307.3209477505,18356532.429721545,18356532.429721545,18356532.429721545,10357225.108773796,10357225.108773796,10357225.108773796,0.0,0.0,0.0,-3319168.346781403,-3319168.346781403,-3319168.346781403,0.0,0.0,0.0,69823548.76066382
2023-01-16,63260277.38463215,8187884.746186732,153076400.45011884,63260277.38463215,63260277.38463215,15168591.655557623,15168591.655557623,15168591.655557623,-7999307.3209477505,-7999307.3209477505,-7999307.3209477505,18356532.429721545,18356532.429721545,18356532.429721545,10357225.108773796,10357225.108773796,10357225.108773796,0.0,0.0,0.0,4811366.546783828,4811366.546783828,4811366.546783828,0.0,0.0,0.0,78428869.04018977
2023-01-23,63735062.7891131,8955457.315071259,157056771.1796344,63735062.7891131,63735062.7891131,18443956.64908379,18443956.64908379,18443956.64908379,-7999307.3209477505,-7999307.3209477505,-7999307.3209477505,18356532.429721545,18356532.429721545,18356532.429721545,10357225.108773796,10357225.108773796,10357225.108773796,0.0,0.0,0.0,8086731.540309994,8086731.540309994,8086731.540309994,0.0,0.0,0.0,82179019.43819688
2023-01-30,64209848.193594046,7400544.886285519,157087308.9630513,64209848.193594046,64209848.193594046,15780327.216087328,15780327.216087328,15780327.216087328,-7999307.3209477505,-7999307.3209477505,-7999307.3209477505,18356532.429721545,18356532.429721545,18356532.429721545,10357225.108773796,10357225.108773796,10357225.108773796,0.0,0.0,0.0,5423102.107313532,5423102.107313532,5423102.107313532,0.0,0.0,0.0,79990175.40968138
2023-02-06,64684633.59807498,1367381.9337143246,150840864.81017306,64684633.59807498,64684633.59807498,11396905.895782849,11396905.895782849,11396905.895782849,-7999307.3209477505,-7999307.3209477505,-7999307.3209477505,18356532.429721545,18356532.429721545,18356532.429721545,10357225.108773796,10357225.108773796,10357225.108773796,0.0,0.0,0.0,1039680.7870090528,1039680.7870090528,1039680.7870090528,0.0,0.0,0.0,76081539.49385783
2023-02-13,65159419.00255593,6408095.253415795,152659968.15356705,65159419.00255593,65159419.00255593,13865012.368354226,13865012.368354226,13865012.368354226,-7999307.3209477505,-7999307.3209477505,-7999307.3209477505,18356532.429721545,18356532.429721545,18356532.429721545,10357225.108773796,10357225.108773796,10357225.108773796,0.0,0.0,0.0,3507787.25958043,3507787.25958043,3507787.25958043,0.0,0.0,0.0,79024431.37091015
2023-02-20,65634204.44933916,24405894.77377484,164887055.0197323,65634204.44933916,65634204.44933916,29819438.584655963,29819438.584655963,29819438.584655963,-7999307.3209477505,-7999307.3209477505,-7999307.3209477505,18356532.429721545,18356532.429721545,18356532.429721545,10357225.108773796,10357225.108773796,10357225.108773796,0.0,0.0,0.0,19462213.475882165,19462213.475882165,19462213.475882165,0.0,0.0,0.0,95453643.03399512
2023-02-27,66108989.89612239,50498674.43326597,194576444.0660774,66108989.89612239,66108989.89612239,56559722.23854728,56559722.23854728,56559722.23854728,-7999307.3209477505,-7999307.3209477505,-7999307.3209477505,18356532.429721545,18356532.429721545,18356532.429721545,10357225.108773796,10357225.108773796,10357225.108773796,0.0,0.0,0.0,46202497.129773475,46202497.129773475,46202497.129773475,0.0,0.0,0.0,122668712.13466966
2023-03-06,66583775.34290563,74893799.71493775,226824729.55061516,66583775.34290563,66583775.34290563,80779039.68345429,80779039.68345429,80779039.68345429,-7999307.3209477505,-7999307.3209477505,-7999307.3209477505,18356532.429721545,18356532.429721545,18356532.429721545,10357225.108773796,10357225.108773796,10357225.108773796,0.0,0.0,0.0,70421814.5746805,70421814.5746805,70421814.5746805,0.0,0.0,0.0,147362815.02635992
2023-03-13,67058560.78781727,85295866.06678446,226699116.13909626,67058560.78781727,67058560.78781727,86671304.9651881,86671304.9651881,86671304.9651881,-7999307.3209477505,-7999307.3209477505,-7999307.3209477505,18356532.429721545,18356532.429721545,18356532.429721545,10357225.108773796,10357225.108773796,10357225.108773796,0.0,0.0,0.0,76314079.8564143,76314079.8564143,76314079.8564143,0.0,0.0,0.0,153729865.7530054
2023-03-20,67533346.23272891,63176974.812320456,206250207.5204509,67533346.23272891,67533346.23272891,68175596.8466804,68175596.8466804,68175596.8466804,-7999307.3209477505,-7999307.3209477505,-7999307.3209477505,18356532.429721545,18356532.429721545,18356532.429721545,10357225.108773796,10357225.108773796,10357225.108773796,0.0,0.0,0.0,57818371.737906605,57818371.737906605,57818371.737906605,0.0,0.0,0.0,135708943.0794093
2023-03-27,68008131.67764054,28226185.744110115,176724303.4869256,68008131.67764054,68008131.67764054,35005570.22044772,35005570.22044772,35005570.22044772,-7999307.3209477505,-7999307.3209477505,-7999307.3209477505,18356532.429721545,18356532.429721545,18356532.429721545,10357225.108773796,10357225.108773796,10357225.108773796,0.0,0.0,0.0,24648345.111673914,24648345.111673914,24648345.111673914,0.0,0.0,0.0,103013701.89808826
2023-04-03,68482918.06225114,-477619.7557207247,144853578.1230325,68482918.06225114,68482918.06225114,6208143.485623288,6208143.485623288,6208143.485623288,-7999307.3209477505,-7999307.3209477505,-7999307.3209477505,18356532.429721545,18356532.429721545,18356532.429721545,10357225.108773796,10357225.108773796,10357225.108773796,0.0,0.0,0.0,-4149081.623150508,-4149081.623150508,-4149081.623150508,0.0,0.0,0.0,74691061.54787442
2023-04-10,68957704.44686173,-10974650.122433089,137146588.9719767,68957704.44686173,68957704.44686173,-4320143.861398126,-4320143.861398126,-4320143.861398126,-7999307.3209477505,-7999307.3209477505,-7999307.3209477505,18356532.429721545,18356532.429721545,18356532.429721545,10357225.108773796,10357225.108773796,10357225.108773796,0.0,0.0,0.0,-14677368.970171921,-14677368.970171921,-14677368.970171921,0.0,0.0,0.0,64637560.585463606
2023-04-17,69432490.8314723,-3610708.399944136,148765126.68252566,69432490.8314723,69432490.8314723,1774618.7705715592,1774618.7705715592,1774618.7705715592,-7999307.3209477505,-7999307.3209477505,-7999307.3209477505,18356532.429721545,18356532.429721545,18356532.429721545,10357225.108773796,10357225.108773796,10357225.108773796,0.0,0.0,0.0,-8582606.338202238,-8582606.338202238,-8582606.338202238,0.0,0.0,0.0,71207109.60204387
2023-04-24,69907277.2160829,6165210.273855632,151221670.96326724,69907277.2160829,69907277.2160829,10145076.578762813,10145076.578762813,10145076.578762813,-7999307.3209477505,-7999307.3209477505,-7999307.3209477505,18356532.429721545,18356532.429721545,18356532.429721545,10357225.108773796,10357225.108773796,10357225.108773796,0.0,0.0,0.0,-212148.53001098274,-212148.53001098274,-212148.53001098274,0.0,0.0,0.0,80052353.79484572
2023-05-01,70382063.72720146,2212603.2630540607,143980908.26722318,70382063.72720146,70382063.72720146,7283496.597697315,7283496.597697315,7283496.597697315,-7999307.3209477505,-7999307.3209477505,-7999307.3209477505,18356532.429721545,18356532.429721545,18356532.429721545,10357225.108773796,10357225.108773796,10357225.108773796,0.0,0.0,0.0,-3073728.511076481,-3073728.511076481,-3073728.511076481,0.0,0.0,0.0,77665560.32489878
2023-05-08,70856850.23832001,-13843402.359137243,137592965.4080489,70856850.23832001,70856850.23832001,-7528439.324424061,-7528439.324424061,-7528439.324424061,-7999307.3209477505,-7999307.3209477505,-7999307.3209477505,18356532.429721545,18356532.429721545,18356532.429721545,10357225.108773796,10357225.108773796,10357225.108773796,0.0,0.0,0.0,-17885664.43319786,-17885664.43319786,-17885664.43319786,0.0,0.0,0.0,63328410.91389595
2023-05-15,71331636.74943857,-28261056.591909666,119680377.37952988,71331636.74943857,71331636.74943857,-22615319.23558539,-22615319.23558539,-22615319.23558539,-7999307.3209477505,-7999307.3209477505,-7999307.3209477505,18356532.429721545,18356532.429721545,18356532.429721545,10357225.108773796,10357225.108773796,10357225.108773796,0.0,0.0,0.0,-32972544.34435919,-32972544.34435919,-32972544.34435919,0.0,0.0,0.0,48716317.51385318
2023-05-22,71806423.26496555,-22448863.951420326,123136501.83331756,71806423.26496555,71806423.26496555,-25734350.970178355,-25734350.970178355,-25734350.970178355,-7999307.3209477505,-7999307.3209477505,-7999307.3209477505,18356532.429721545,18356532.429721545,18356532.429721545,10357225.108773796,10357225.108773796,10357225.108773796,0.0,0.0,0.0,-36091576.078952156,-36091576.078952156,-36091576.078952156,0.0,0.0,0.0,46072072.2947872
2023-05-29,72281209.78049251,-8646079.755641576,133332598.38766482,72281209.78049251,72281209.78049251,-15674568.56242686,-15674568.56242686,-15674568.56242686,-7999307.3209477505,-7999307.3209477505,-7999307.3209477505,18356532.429721545,18356532.429721545,18356532.429721545,10357225.108773796,10357225.108773796,10357225.108773796,0.0,0.0,0.0,-26031793.671200655,-26031793.671200655,-26031793.671200655,0.0,0.0,0.0,56606641.21806566
2023-06-05,72755996.2960195,1205051.5581488174,139674288.26438615,72755996.2960195,72755996.2960195,-2564722.254726191,-2564722.254726191,-2564722.254726191,-7999307.3209477505,-7999307.3209477505,-7999307.3209477505,18356532.429721545,18356532.429721545,18356532.429721545,10357225.108773796,10357225.108773796,10357225.108773796,0.0,0.0,0.0,-12921947.363499988,-12921947.363499988,-12921947.363499988,0.0,0.0,0.0,70191274.04129331
2023-06-12,73230782.81294224,616948.8694617769,144803014.83366534,73230782.81294224,73230782.81294224,2827685.265374803,2827685.265374803,2827685.265374803,-7999307.3209477505,-7999307.3209477505,-7999307.3209477505,18356532.429721545,18356532.429721545,18356532.429721545,10357225.108773796,10357225.108773796,10357225.108773796,0.0,0.0,0.0,-7529539.843398992,-7529539.843398992,-7529539.843398992,0.0,0.0,0.0,76058468.07831705
2023-06-19,73705569.32986498,4612141.0266069705,144251897.12791723,73705569.32986498,73705569.32986498,-333977.9898914893,-333977.9898914893,-333977.9898914893,-7999307.3209477505,-7999307.3209477505,-7999307.3209477505,18356532.429721545,18356532.429721545,18356532.429721545,10357225.108773796,10357225.108773796,10357225.108773796,0.0,0.0,0.0,-10691203.098665286,-10691203.098665286,-10691203.098665286,0.0,0.0,0.0,73371591.3399735
2023-06-26,74180355.84678772,1851351.2772642067,140279702.33641353,74180355.84678772,74180355.84678772,-3213031.2438089396,-3213031.2438089396,-3213031.2438089396,-7999307.3209477505,-7999307.3209477505,-7999307.3209477505,18356532.429721545,18356532.429721545,18356532.429721545,10357225.108773796,10357225.108773796,10357225.108773796,0.0,0.0,0.0,-13570256.352582736,-13570256.352582736,-13570256.352582736,0.0,0.0,0.0,70967324.60297878
2023-07-03,74655142.36371048,1956136.5773087514,148111657.18724707,74655142.36371048,74655142.36371048,2155087.1353198634,2155087.1353198634,2155087.1353198634,-7999307.3209477505,-7999307.3209477505,-7999307.3209477505,18356532.429721545,18356532.429721545,18356532.429721545,10357225.108773796,10357225.108773796,10357225.108773796,0.0,0.0,0.0,-8202137.973453934,-8202137.973453934,-8202137.973453934,0.0,0.0,0.0,76810229.49903034
2023-07-10,75129928.87821218,14333434.788146269,163051114.2454932,75129928.87821218,75129928.87821218,13179614.12336062,13179614.12336062,13179614.12336062,-7999307.3209477505,-7999307.3209477505,-7999307.3209477505,18356532.429721545,18356532.429721545,18356532.429721545,10357225.108773796,10357225.108773796,10357225.108773796,0.0,0.0,0.0,2822389.014586825,2822389.014586825,2822389.014586825,0.0,0.0,0.0,88309543.0015728
2023-07-17,75604715.39271392,21313241.07089337,166660414.37333274,75604715.39271392,75604715.39271392,18239934.295104597,18239934.295104597,18239934.295104597,-7999307.3209477505,-7999307.3209477505,-7999307.3209477505,18356532.429721545,18356532.429721545,18356532.429721545,10357225.108773796,10357225.108773796,10357225.108773796,0.0,0.0,0.0,7882709.186330801,7882709.186330801,7882709.186330801,0.0,0.0,0.0,93844649.68781851
2023-07-24,76079501.90721563,9088469.903983349,149126750.14030176,76079501.90721563,76079501.90721563,8359241.913306403,8359241.913306403,8359241.913306403,-7999307.3209477505,-7999307.3209477505,-7999307.3209477505,18356532.429721545,18356532.429721545,18356532.429721545,10357225.108773796,10357225.108773796,10357225.108773796,0.0,0.0,0.0,-1997983.195467393,-1997983.195467393,-1997983.195467393,0.0,0.0,0.0,84438743.82052203
2023-07-31,76554288.42553724,-8423122.537553372,134832348.30460098,76554288.42553724,76554288.42553724,-12471786.607205564,-12471786.607205564,-12471786.607205564,-7999307.3209477505,-7999307.3209477505,-7999307.3209477505,18356532.429721545,18356532.429721545,18356532.429721545,10357225.108773796,10357225.108773796,10357225.108773796,0.0,0.0,0.0,-22829011.71597936,-22829011.71597936,-22829011.71597936,0.0,0.0,0.0,64082501.81833168
2023-08-07,77029074.94385886,-27576936.61905684,117597320.20269366,77029074.94385886,77029074.94385886,-28768547.5821699,-28768547.5821699,-28768547.5821699,-7999307.3209477505,-7999307.3209477505,-7999307.3209477505,18356532.429721545,18356532.429721545,18356532.429721545,10357225.108773796,10357225.108773796,10357225.108773796,0.0,0.0,0.0,-39125772.690943696,-39125772.690943696,-39125772.690943696,0.0,0.0,0.0,48260527.36168896
2023-08-14,77503861.46218047,-22131444.624875873,123231889.52214305,77503861.46218047,77503861.46218047,-25890235.688421454,-25890235.688421454,-25890235.688421454,-7999307.3209477505,-7999307.3209477505,-7999307.3209477505,18356532.429721545,18356532.429721545,18356532.429721545,10357225.108773796,10357225.108773796,10357225.108773796,0.0,0.0,0.0,-36247460.79719525,-36247460.79719525,-36247460.79719525,0.0,0.0,0.0,51613625.77375901
2023-08-21,77978647.97939608,3975371.556374103,143937267.63899177,77978647.97939608,77978647.97939608,-2021340.3127816669,-2021340.3127816669,-2021340.3127816669,-7999307.3209477505,-7999307.3209477505,-7999307.3209477505,18356532.429721545,18356532.429721545,18356532.429721545,10357225.108773796,10357225.108773796,10357225.108773796,0.0,0.0,0.0,-12378565.421555463,-12378565.421555463,-12378565.421555463,0.0,0.0,0.0,75957307.66661441
2023-08-28,78453434.49661167,33715378.318104446,182399206.20197618,78453434.49661167,78453434.49661167,30681948.786606893,30681948.786606893,30681948.786606893,-7999307.3209477505,-7999307.3209477505,-7999307.3209477505,18356532.429721545,18356532.429721545,18356532.429721545,10357225.108773796,10357225.108773796,10357225.108773796,0.0,0.0,0.0,20324723.6778331,20324723.6778331,20324723.6778331,0.0,0.0,0.0,109135383.28321856
2023-09-04,78928221.01382726,65289298.201290414,209574319.3563324,78928221.01382726,78928221.01382726,55841180.39615082,55841180.39615082,55841180.39615082,-7999307.3209477505,-7999307.3209477505,-7999307.3209477505,18356532.429721545,18356532.429721545,18356532.429721545,10357225.108773796,10357225.108773796,10357225.108773796,0.0,0.0,0.0,45483955.28737702,45483955.28737702,45483955.28737702,0.0,0.0,0.0,134769401.4099781
2023-09-11,79403007.53104287,65084770.2325354,214068723.11264744,79403007.53104287,79403007.53104287,64097752.67946894,64097752.67946894,64097752.67946894,-7999307.3209477505,-7999307.3209477505,-7999307.3209477505,18356532.429721545,18356532.429721545,18356532.429721545,10357225.108773796,10357225.108773796,10357225.108773796,0.0,0.0,0.0,53740527.57069514,53740527.57069514,53740527.57069514,0.0,0.0,0.0,143500760.2105118
2023-09-18,79877794.04416998,61849150.04420654,210275326.10725102,79877794.04416998,79877794.04416998,56690743.9431051,56690743.9431051,56690743.9431051,-7999307.3209477505,-7999307.3209477505,-7999307.3209477505,18356532.429721545,18356532.429721545,18356532.429721545,10357225.108773796,10357225.108773796,10357225.108773796,0.0,0.0,0.0,46333518.834331304,46333518.834331304,46333518.834331304,0.0,0.0,0.0,136568537.98727506
2023-09-25,80352580.5572971,45007518.34874026,199593842.98800942,80352580.5572971,80352580.5572971,40632787.34880722,40632787.34880722,40632787.34880722,-7999307.3209477505,-7999307.3209477505,-7999307.3209477505,18356532.429721545,18356532.429721545,18356532.429721545,10357225.108773796,10357225.108773796,10357225.108773796,0.0,0.0,0.0,30275562.24003343,30275562.24003343,30275562.24003343,0.0,0.0,0.0,120985367.90610433
2023-10-02,80827367.07042423,29782412.24393859,179321479.81973755,80827367.07042423,80827367.07042423,22133757.109011553,22133757.109011553,22133757.109011553,-7999307.3209477505,-7999307.3209477505,-7999307.3209477505,18356532.429721545,18356532.429721545,18356532.429721545,10357225.108773796,10357225.108773796,10357225.108773796,0.0,0.0,0.0,11776532.000237757,11776532.000237757,11776532.000237757,0.0,0.0,0.0,102961124.17943579
2023-10-09,81302153.61905882,14538099.31174533,157289305.2238302,81302153.61905882,81302153.61905882,4442438.587886653,4442438.587886653,4442438.587886653,-7999307.3209477505,-7999307.3209477505,-7999307.3209477505,18356532.429721545,18356532.429721545,18356532.429721545,10357225.108773796,10357225.108773796,10357225.108773796,0.0,0.0,0.0,-5914786.520887145,-5914786.520887145,-5914786.520887145,0.0,0.0,0.0,85744592.20694546
2023-10-16,81776940.1676934,2065867.3190157337,152372705.28609377,81776940.1676934,81776940.1676934,-10033322.05397388,-10033322.05397388,-10033322.05397388,-7999307.3209477505,-7999307.3209477505,-7999307.3209477505,18356532.429721545,18356532.429721545,18356532.429721545,10357225.108773796,10357225.108773796,10357225.108773796,0.0,0.0,0.0,-20390547.162747674,-20390547.162747674,-20390547.162747674,0.0,0.0,0.0,71743618.11371952
2023-10-23,82251726.71632798,-11163102.459689198,137508965.00390196,82251726.71632798,82251726.71632798,-18026500.47051606,-18026500.47051606,-18026500.47051606,-7999307.3209477505,-7999307.3209477505,-7999307.3209477505,18356532.429721545,18356532.429721545,18356532.429721545,10357225.108773796,10357225.108773796,10357225.108773796,0.0,0.0,0.0,-28383725.579289857,-28383725.579289857,-28383725.579289857,0.0,0.0,0.0,64225226.245811924
2023-10-30,82726513.29505786,-10778652.407075958,136950590.74247283,82726513.29505786,82726513.29505786,-17140048.44601896,-17140048.44601896,-17140048.44601896,-7999307.3209477505,-7999307.3209477505,-7999307.3209477505,18356532.429721545,18356532.429721545,18356532.429721545,10357225.108773796,10357225.108773796,10357225.108773796,0.0,0.0,0.0,-27497273.554792758,-27497273.554792758,-27497273.554792758,0.0,0.0,0.0,65586464.8490389
2023-11-06,83201299.87378773,542409.8252030958,146850433.98921984,83201299.87378773,83201299.87378773,-8969931.511011846,-8969931.511011846,-8969931.511011846,-7999307.3209477505,-7999307.3209477505,-7999307.3209477505,18356532.429721545,18356532.429721545,18356532.429721545,10357225.108773796,10357225.108773796,10357225.108773796,0.0,0.0,0.0,-19327156.619785644,-19327156.619785644,-19327156.619785644,0.0,0.0,0.0,74231368.36277589
2023-11-13,83676086.45251761,9006202.654615693,156589993.93914667,83676086.45251761,83676086.45251761,605040.3289936738,605040.3289936738,605040.3289936738,-7999307.3209477505,-7999307.3209477505,-7999307.3209477505,18356532.429721545,18356532.429721545,18356532.429721545,10357225.108773796,10357225.108773796,10357225.108773796,0.0,0.0,0.0,-9752184.779780123,-9752184.779780123,-9752184.779780123,0.0,0.0,0.0,84281126.78151129
2023-11-20,84150873.02493307,12484070.03779009,157983363.73281318,84150873.02493307,84150873.02493307,5184972.101447754,5184972.101447754,5184972.101447754,-7999307.3209477505,-7999307.3209477505,-7999307.3209477505,18356532.429721545,18356532.429721545,18356532.429721545,10357225.108773796,10357225.108773796,10357225.108773796,0.0,0.0,0.0,-5172253.007326041,-5172253.007326041,-5172253.007326041,0.0,0.0,0.0,89335845.12638083
2023-11-27,84625659.59734851,15959303.774799187,157585311.2458431,84625659.59734851,84625659.59734851,2387823.8471611226,2387823.8471611226,2387823.8471611226,-7999307.3209477505,-7999307.3209477505,-7999307.3209477505,18356532.429721545,18356532.429721545,18356532.429721545,10357225.108773796,10357225.108773796,10357225.108773796,0.0,0.0,0.0,-7969401.261612673,-7969401.261612673,-7969401.261612673,0.0,0.0,0.0,87013483.44450964
2023-12-04,85100446.16976395,9527068.224631011,156262070.71897307,85100446.16976395,85100446.16976395,-4974855.772613302,-4974855.772613302,-4974855.772613302,-7999307.3209477505,-7999307.3209477505,-7999307.3209477505,18356532.429721545,18356532.429721545,18356532.429721545,10357225.108773796,10357225.108773796,10357225.108773796,0.0,0.0,0.0,-15332080.8813871,-15332080.8813871,-15332080.8813871,0.0,0.0,0.0,80125590.39715065
2023-12-11,85575232.74217941,-3842443.551587147,140078923.7191949,85575232.74217941,85575232.74217941,-11736631.666148035,-11736631.666148035,-11736631.666148035,-7999307.3209477505,-7999307.3209477505,-7999307.3209477505,18356532.429721545,18356532.429721545,18356532.429721545,10357225.108773796,10357225.108773796,10357225.108773796,0.0,0.0,0.0,-22093856.77492183,-22093856.77492183,-22093856.77492183,0.0,0.0,0.0,73838601.07603137
2023-12-18,86050019.30340636,1186684.620303684,152711138.47364902,86050019.30340636,86050019.30340636,-14119630.414924987,-14119630.414924987,-14119630.414924987,-7999307.3209477505,-7999307.3209477505,-7999307.3209477505,18356532.429721545,18356532.429721545,18356532.429721545,10357225.108773796,10357225.108773796,10357225.108773796,0.0,0.0,0.0,-24476855.52369878,-24476855.52369878,-24476855.52369878,0.0,0.0,0.0,71930388.88848138
2023-12-25,86524805.86463329,4090514.1620301683,147466432.88954294,86524805.86463329,86524805.86463329,-11204569.8276158,-11204569.8276158,-11204569.8276158,-7999307.3209477505,-7999307.3209477505,-7999307.3209477505,18356532.429721545,18356532.429721545,18356532.429721545,10357225.108773796,10357225.108773796,10357225.108773796,0.0,0.0,0.0,-21561794.936389595,-21561794.936389595,-21561794.936389595,0.0,0.0,0.0,75320236.0370175
2024-01-01,86999592.42586024,6524586.396184247,155927339.88604927,86999592.42586024,86999592.42586024,-4048429.1361166174,-4048429.1361166174,-4048429.1361166174,-7999307.3209477505,-7999307.3209477505,-7999307.3209477505,18356532.429721545,18356532.429721545,18356532.429721545,10357225.108773796,10357225.108773796,10357225.108773796,0.0,0.0,0.0,-14405654.244890414,-14405654.244890414,-14405654.244890414,0.0,0.0,0.0,82951163.28974362
2024-01-08,87474379.00471616,18205493.810682204,172579298.55401954,87474379.00471616,87474379.00471616,5337477.248403053,5337477.248403053,5337477.248403053,-7999307.3209477505,-7999307.3209477505,-7999307.3209477505,18356532.429721545,18356532.429721545,18356532.429721545,10357225.108773796,10357225.108773796,10357225.108773796,0.0,0.0,0.0,-5019747.860370744,-5019747.860370744,-5019747.860370744,0.0,0.0,0.0,92811856.25311922
2024-01-15,87949165.58357209,32919635.281181064,178431471.21559268,87949165.58357209,87949165.58357209,13983303.77925779,13983303.77925779,13983303.77925779,-7999307.3209477505,-7999307.3209477505,-7999307.3209477505,18356532.429721545,18356532.429721545,18356532.429721545,10357225.108773796,10357225.108773796,10357225.108773796,0.0,0.0,0.0,3626078.670483995,3626078.670483995,3626078.670483995,0.0,0.0,0.0,101932469.36282988
2024-01-22,88423952.162428,27265057.60047537,179294351.6375383,88423952.162428,88423952.162428,18321867.52580511,18321867.52580511,18321867.52580511,-7999307.3209477505,-7999307.3209477505,-7999307.3209477505,18356532.429721545,18356532.429721545,18356532.429721545,10357225.108773796,10357225.108773796,10357225.108773796,0.0,0.0,0.0,7964642.417031311,7964642.417031311,7964642.417031311,0.0,0.0,0.0,106745819.6882331
2024-01-29,88898738.7344603,36256987.41528302,176701265.43285856,88898738.7344603,88898738.7344603,16581850.629124546,16581850.629124546,16581850.629124546,-7999307.3209477505,-7999307.3209477505,-7999307.3209477505,18356532.429721545,18356532.429721545,18356532.429721545,10357225.108773796,10357225.108773796,10357225.108773796,0.0,0.0,0.0,6224625.52035075,6224625.52035075,6224625.52035075,0.0,0.0,0.0,105480589.36358485
2024-02-05,89373525.30649261,27894353.640970055,177720054.86743474,89373525.30649261,89373525.30649261,11946170.70519402,11946170.70519402,11946170.70519402,-7999307.3209477505,-7999307.3209477505,-7999307.3209477505,18356532.429721545,18356532.429721545,18356532.429721545,10357225.108773796,10357225.108773796,10357225.108773796,0.0,0.0,0.0,1588945.596420225,1588945.596420225,1588945.596420225,0.0,0.0,0.0,101319696.01168664
2024-02-12,89848311.8785249,28780926.275324613,174197581.11510992,89848311.8785249,89848311.8785249,12538251.086850071,12538251.086850071,12538251.086850071,-7999307.3209477505,-7999307.3209477505,-7999307.3209477505,18356532.429721545,18356532.429721545,18356532.429721545,10357225.108773796,10357225.108773796,10357225.108773796,0.0,0.0,0.0,2181025.9780762745,2181025.9780762745,2181025.9780762745,0.0,0.0,0.0,102386562.96537498
2024-02-19,90323098.45055719,42483565.893069364,187573637.81780416,90323098.45055719,90323098.45055719,25943837.783260744,25943837.783260744,25943837.783260744,-7999307.3209477505,-7999307.3209477505,-7999307.3209477505,18356532.429721545,18356532.429721545,18356532.429721545,10357225.108773796,10357225.108773796,10357225.108773796,0.0,0.0,0.0,15586612.674486948,15586612.674486948,15586612.674486948,0.0,0.0,0.0,116266936.23381793
2024-02-26,90797885.02495372,72170114.48847577,215611530.633494,90797885.02495372,90797885.02495372,51484450.17835465,51484450.17835465,51484450.17835465,-7999307.3209477505,-7999307.3209477505,-7999307.3209477505,18356532.429721545,18356532.429721545,18356532.429721545,10357225.108773796,10357225.108773796,10357225.108773796,0.0,0.0,0.0,41127225.06958085,41127225.06958085,41127225.06958085,0.0,0.0,0.0,142282335.20330837
2024-03-04,91272671.59935024,95010755.98812984,238859336.95527658,91272671.59935024,91272671.59935024,77404437.6905012,77404437.6905012,77404437.6905012,-7999307.3209477505,-7999307.3209477505,-7999307.3209477505,18356532.429721545,18356532.429721545,18356532.429721545,10357225.108773796,10357225.108773796,10357225.108773796,0.0,0.0,0.0,67047212.581727415,67047212.581727415,67047212.581727415,0.0,0.0,0.0,168677109.28985143
2024-03-11,91747458.17374678,104580839.80400395,250069841.52557325,91747458.17374678,91747458.17374678,87436991.7004323,87436991.7004323,87436991.7004323,-7999307.3209477505,-7999307.3209477505,-7999307.3209477505,18356532.429721545,18356532.429721545,18356532.429721545,10357225.108773796,10357225.108773796,10357225.108773796,0.0,0.0,0.0,77079766.5916585,77079766.5916585,77079766.5916585,0.0,0.0,0.0,179184449.87417907
2024-03-18,92222244.77870989,98551140.21725276,237811753.7986567,92222244.77870989,92222244.77870989,73027563.91300683,73027563.91300683,73027563.91300683,-7999307.3209477505,-7999307.3209477505,-7999307.3209477505,18356532.429721545,18356532.429721545,18356532.429721545,10357225.108773796,10357225.108773796,10357225.108773796,0.0,0.0,0.0,62670338.80423303,62670338.80423303,62670338.80423303,0.0,0.0,0.0,165249808.69171673
2024-03-25,92697031.38367298,62552189.06962694,200753686.02025923,92697031.38367298,92697031.38367298,41177543.224788904,41177543.224788904,41177543.224788904,-7999307.3209477505,-7999307.3209477505,-7999307.3209477505,18356532.429721545,18356532.429721545,18356532.429721545,10357225.108773796,10357225.108773796,10357225.108773796,0.0,0.0,0.0,30820318.11601511,30820318.11601511,30820318.11601511,0.0,0.0,0.0,133874574.60846189
2024-04-01,93171817.98863606,40531979.03285346,183617353.77178568,93171817.98863606,93171817.98863606,10236594.381909685,10236594.381909685,10236594.381909685,-7999307.3209477505,-7999307.3209477505,-7999307.3209477505,18356532.429721545,18356532.429721545,18356532.429721545,10357225.108773796,10357225.108773796,10357225.108773796,0.0,0.0,0.0,-120630.72686411126,-120630.72686411126,-120630.72686411126,0.0,0.0,0.0,103408412.37054574
2024-04-08,93646604.58079769,18093717.71680422,162522591.85957745,93646604.58079769,93646604.58079769,-3929302.9808487655,-3929302.9808487655,-3929302.9808487655,-7999307.3209477505,-7999307.3209477505,-7999307.3209477505,18356532.429721545,18356532.429721545,18356532.429721545,10357225.108773796,10357225.108773796,10357225.108773796,0.0,0.0,0.0,-14286528.089622563,-14286528.089622563,-14286528.089622563,0.0,0.0,0.0,89717301.59994893
2024-04-15,94121391.17295931,22440688.741305705,165200815.8695707,94121391.17295931,94121391.17295931,26037.46620230353,26037.46620230353,26037.46620230353,-7999307.3209477505,-7999307.3209477505,-7999307.3209477505,18356532.429721545,18356532.429721545,18356532.429721545,10357225.108773796,10357225.108773796,10357225.108773796,0.0,0.0,0.0,-10331187.64257149,-10331187.64257149,-10331187.64257149,0.0,0.0,0.0,94147428.63916162
2024-04-22,94596177.76512094,32791089.828463387,175034291.35757923,94596177.76512094,94596177.76512094,9209595.79087668,9209595.79087668,9209595.79087668,-7999307.3209477505,-7999307.3209477505,-7999307.3209477505,18356532.429721545,18356532.429721545,18356532.429721545,10357225.108773796,10357225.108773796,10357225.108773796,0.0,0.0,0.0,-1147629.3178971177,-1147629.3178971177,-1147629.3178971177,0.0,0.0,0.0,103805773.55599761
2024-04-29,95070964.35728255,21581311.468378376,177837944.68392795,95070964.35728255,95070964.35728255,8855288.709517565,8855288.709517565,8855288.709517565,-7999307.3209477505,-7999307.3209477505,-7999307.3209477505,18356532.429721545,18356532.429721545,18356532.429721545,10357225.108773796,10357225.108773796,10357225.108773796,0.0,0.0,0.0,-1501936.399256232,-1501936.399256232,-1501936.399256232,0.0,0.0,0.0,103926253.06680012
2024-05-06,95545750.95968421,20917604.37198235,159335754.71033713,95545750.95968421,95545750.95968421,-4434702.793593594,-4434702.793593594,-4434702.793593594,-7999307.3209477505,-7999307.3209477505,-7999307.3209477505,18356532.429721545,18356532.429721545,18356532.429721545,10357225.108773796,10357225.108773796,10357225.108773796,0.0,0.0,0.0,-14791927.90236739,-14791927.90236739,-14791927.90236739,0.0,0.0,0.0,91111048.16609061
2024-05-13,96020537.56208588,2082439.2946650777,150077501.40344423,96020537.56208588,96020537.56208588,-20546251.613982953,-20546251.613982953,-20546251.613982953,-7999307.3209477505,-7999307.3209477505,-7999307.3209477505,18356532.429721545,18356532.429721545,18356532.429721545,10357225.108773796,10357225.108773796,10357225.108773796,0.0,0.0,0.0,-30903476.72275675,-30903476.72275675,-30903476.72275675,0.0,0.0,0.0,75474285.94810292
2024-05-20,96495324.16448754,2036990.8673313297,142042881.36616397,96495324.16448754,96495324.16448754,-26294333.759067003,-26294333.759067003,-26294333.759067003,-7999307.3209477505,-7999307.3209477505,-7999307.3209477505,18356532.429721545,18356532.429721545,18356532.429721545,10357225.108773796,10357225.108773796,10357225.108773796,0.0,0.0,0.0,-36651558.867840804,-36651558.867840804,-36651558.867840804,0.0,0.0,0.0,70200990.40542054
2024-05-27,96970110.77547917,9630673.024501873,148044037.1745758,96970110.77547917,96970110.77547917,-18072918.841507766,-18072918.841507766,-18072918.841507766,-7999307.3209477505,-7999307.3209477505,-7999307.3209477505,18356532.429721545,18356532.429721545,18356532.429721545,10357225.108773796,10357225.108773796,10357225.108773796,0.0,0.0,0.0,-28430143.950281564,-28430143.950281564,-28430143.950281564,0.0,0.0,0.0,78897191.9339714
2024-06-03,97444897.3864708,18311022.50077271,165412081.1197795,97444897.3864708,97444897.3864708,-4559384.98624001,-4559384.98624001,-4559384.98624001,-7999307.3209477505,-7999307.3209477505,-7999307.3209477505,18356532.429721545,18356532.429721545,18356532.429721545,10357225.108773796,10357225.108773796,10357225.108773796,0.0,0.0,0.0,-14916610.095013808,-14916610.095013808,-14916610.095013808,0.0,0.0,0.0,92885512.40023078
2024-06-10,97919683.99746244,24962168.501364622,171840307.2838257,97919683.99746244,97919683.99746244,2632964.474132633,2632964.474132633,2632964.474132633,-7999307.3209477505,-7999307.3209477505,-7999307.3209477505,18356532.429721545,18356532.429721545,18356532.429721545,10357225.108773796,10357225.108773796,10357225.108773796,0.0,0.0,0.0,-7724260.634641161,-7724260.634641161,-7724260.634641161,0.0,0.0,0.0,100552648.47159506
2024-06-17,98394470.6138586,26024997.27552381,169028639.89508268,98394470.6138586,98394470.6138586,528038.6883455927,528038.6883455927,528038.6883455927,-7999307.3209477505,-7999307.3209477505,-7999307.3209477505,18356532.429721545,18356532.429721545,18356532.429721545,10357225.108773796,10357225.108773796,10357225.108773796,0.0,0.0,0.0,-9829186.420428202,-9829186.420428202,-9829186.420428202,0.0,0.0,0.0,98922509.30220419
2024-06-24,98869257.23025475,24263111.894817527,168183837.11787885,98869257.23025475,98869257.23025475,-3179816.986335498,-3179816.986335498,-3179816.986335498,-7999307.3209477505,-7999307.3209477505,-7999307.3209477505,18356532.429721545,18356532.429721545,18356532.429721545,10357225.108773796,10357225.108773796,10357225.108773796,0.0,0.0,0.0,-13537042.095109293,-13537042.095109293,-13537042.095109293,0.0,0.0,0.0,95689440.24391925
2024-07-01,99344043.84665093,22448307.595980547,167859435.55547845,99344043.84665093,99344043.84665093,543003.0992621105,543003.0992621105,543003.0992621105,-7999307.3209477505,-7999307.3209477505,-7999307.3209477505,18356532.429721545,18356532.429721545,18356532.429721545,10357225.108773796,10357225.108773796,10357225.108773796,0.0,0.0,0.0,-9814222.009511685,-9814222.009511685,-9814222.009511685,0.0,0.0,0.0,99887046.94591303
2024-07-08,99818830.46304709,38246561.5797787,187503082.2132085,99818830.46304709,99818830.46304709,11267866.890801914,11267866.890801914,11267866.890801914,-7999307.3209477505,-7999307.3209477505,-7999307.3209477505,18356532.429721545,18356532.429721545,18356532.429721545,10357225.108773796,10357225.108773796,10357225.108773796,0.0,0.0,0.0,910641.7820281178,910641.7820281178,910641.7820281178,0.0,0.0,0.0,111086697.353849
2024-07-15,100293617.1051616,43767085.47683443,191388654.83396754,100293617.1051616,100293617.1051616,18308508.572521605,18308508.572521605,18308508.572521605,-7999307.3209477505,-7999307.3209477505,-7999307.3209477505,18356532.429721545,18356532.429721545,18356532.429721545,10357225.108773796,10357225.108773796,10357225.108773796,0.0,0.0,0.0,7951283.463747809,7951283.463747809,7951283.463747809,0.0,0.0,0.0,118602125.6776832
2024-07-22,100768403.74727613,40472111.070547596,183425718.4463963,100768403.74727613,100768403.74727613,11239424.457391128,11239424.457391128,11239424.457391128,-7999307.3209477505,-7999307.3209477505,-7999307.3209477505,18356532.429721545,18356532.429721545,18356532.429721545,10357225.108773796,10357225.108773796,10357225.108773796,0.0,0.0,0.0,882199.3486173318,882199.3486173318,882199.3486173318,0.0,0.0,0.0,112007828.20466726
2024-07-29,101243190.38939062,20505689.359584574,169664986.32131997,101243190.38939062,101243190.38939062,-8562950.239657732,-8562950.239657732,-8562950.239657732,-7999307.3209477505,-7999307.3209477505,-7999307.3209477505,18356532.429721545,18356532.429721545,18356532.429721545,10357225.108773796,10357225.108773796,10357225.108773796,0.0,0.0,0.0,-18920175.348431528,-18920175.348431528,-18920175.348431528,0.0,0.0,0.0,92680240.14973289
2024-08-05,101717977.04369038,-1146016.2323509466,154346368.14612266,101717977.04369038,101717977.04369038,-26963559.61787866,-26963559.61787866,-26963559.61787866,-7999307.3209477505,-7999307.3209477505,-7999307.3209477505,18356532.429721545,18356532.429721545,18356532.429721545,10357225.108773796,10357225.108773796,10357225.108773796,0.0,0.0,0.0,-37320784.72665246,-37320784.72665246,-37320784.72665246,0.0,0.0,0.0,74754417.42581172
2024-08-12,102192763.69799015,1605226.2931084272,142560632.8496991,102192763.69799015,102192763.69799015,-28104786.8794344,-28104786.8794344,-28104786.8794344,-7999307.3209477505,-7999307.3209477505,-7999307.3209477505,18356532.429721545,18356532.429721545,18356532.429721545,10357225.108773796,10357225.108773796,10357225.108773796,0.0,0.0,0.0,-38462011.98820819,-38462011.98820819,-38462011.98820819,0.0,0.0,0.0,74087976.81855574
2024-08-19,102667550.3522899,19220867.90350672,166616027.07418838,102667550.3522899,102667550.3522899,-7411462.343024239,-7411462.343024239,-7411462.343024239,-7999307.3209477505,-7999307.3209477505,-7999307.3209477505,18356532.429721545,18356532.429721545,18356532.429721545,10357225.108773796,10357225.108773796,10357225.108773796,0.0,0.0,0.0,-17768687.451798033,-17768687.451798033,-17768687.451798033,0.0,0.0,0.0,95256088.00926566
2024-08-26,103142337.00658967,59283857.804119736,191906450.64047647,103142337.00658967,103142337.00658967,24964411.56439093,24964411.56439093,24964411.56439093,-7999307.3209477505,-7999307.3209477505,-7999307.3209477505,18356532.429721545,18356532.429721545,18356532.429721545,10357225.108773796,10357225.108773796,10357225.108773796,0.0,0.0,0.0,14607186.455617134,14607186.455617134,14607186.455617134,0.0,0.0,0.0,128106748.5709806
2024-09-02,103617123.66088942,81685347.63768402,227392426.20940727,103617123.66088942,103617123.66088942,52464706.525719754,52464706.525719754,52464706.525719754,-7999307.3209477505,-7999307.3209477505,-7999307.3209477505,18356532.429721545,18356532.429721545,18356532.429721545,10357225.108773796,10357225.108773796,10357225.108773796,0.0,0.0,0.0,42107481.41694595,42107481.41694595,42107481.41694595,0.0,0.0,0.0,156081830.18660918
2024-09-09,104091910.31518918,97137099.8249512,245199651.1406951,104091910.31518918,104091910.31518918,63926190.33193683,63926190.33193683,63926190.33193683,-7999307.3209477505,-7999307.3209477505,-7999307.3209477505,18356532.429721545,18356532.429721545,18356532.429721545,10357225.108773796,10357225.108773796,10357225.108773796,0.0,0.0,0.0,53568965.22316303,53568965.22316303,53568965.22316303,0.0,0.0,0.0,168018100.64712602
2024-09-16,104566696.96948893,90042961.41061649,238757309.8420117,104566696.96948893,104566696.96948893,58869672.32900082,58869672.32900082,58869672.32900082,-7999307.3209477505,-7999307.3209477505,-7999307.3209477505,18356532.429721545,18356532.429721545,18356532.429721545,10357225.108773796,10357225.108773796,10357225.108773796,0.0,0.0,0.0,48512447.22022703,48512447.22022703,48512447.22022703,0.0,0.0,0.0,163436369.29848975
2024-09-23,105041483.6237887,73253988.1260999,225544160.63341776,105041483.6237887,105041483.6237887,43815893.60789474,43815893.60789474,43815893.60789474,-7999307.3209477505,-7999307.3209477505,-7999307.3209477505,18356532.429721545,18356532.429721545,18356532.429721545,10357225.108773796,10357225.108773796,10357225.108773796,0.0,0.0,0.0,33458668.499120943,33458668.499120943,33458668.499120943,0.0,0.0,0.0,148857377.23168343
2024-09-30,105516270.27808847,57485273.31154614,200887024.32344848,105516270.27808847,105516270.27808847,25442992.769558683,25442992.769558683,25442992.769558683,-7999307.3209477505,-7999307.3209477505,-7999307.3209477505,18356532.429721545,18356532.429721545,18356532.429721545,10357225.108773796,10357225.108773796,10357225.108773796,0.0,0.0,0.0,15085767.660784887,15085767.660784887,15085767.660784887,0.0,0.0,0.0,130959263.04764715
2024-10-07,105991056.93238822,38601516.045241855,178763231.27691406,105991056.93238822,105991056.93238822,7445116.933459157,7445116.933459157,7445116.933459157,-7999307.3209477505,-7999307.3209477505,-7999307.3209477505,18356532.429721545,18356532.429721545,18356532.429721545,10357225.108773796,10357225.108773796,10357225.108773796,0.0,0.0,0.0,-2912108.1753146388,-2912108.1753146388,-2912108.1753146388,0.0,0.0,0.0,113436173.86584738
2024-10-14,106465843.58668798,21738977.77623679,172592786.89141247,106465843.58668798,106465843.58668798,-7822200.2867411245,-7822200.2867411245,-7822200.2867411245,-7999307.3209477505,-7999307.3209477505,-7999307.3209477505,18356532.429721545,18356532.429721545,18356532.429721545,10357225.108773796,10357225.108773796,10357225.108773796,0.0,0.0,0.0,-18179425.39551492,-18179425.39551492,-18179425.39551492,0.0,0.0,0.0,98643643.29994686
2024-10-21,106940630.24098773,18388050.29314038,165396641.00433373,106940630.24098773,106940630.24098773,-17218843.776302617,-17218843.776302617,-17218843.776302617,-7999307.3209477505,-7999307.3209477505,-7999307.3209477505,18356532.429721545,18356532.429721545,18356532.429721545,10357225.108773796,10357225.108773796,10357225.108773796,0.0,0.0,0.0,-27576068.88507641,-27576068.88507641,-27576068.88507641,0.0,0.0,0.0,89721786.46468511
2024-10-28,107415416.8952875,21432842.937403217,161422906.00751814,107415416.8952875,107415416.8952875,-17945477.679666907,-17945477.679666907,-17945477.679666907,-7999307.3209477505,-7999307.3209477505,-7999307.3209477505,18356532.429721545,18356532.429721545,18356532.429721545,10357225.108773796,10357225.108773796,10357225.108773796,0.0,0.0,0.0,-28302702.788440704,-28302702.788440704,-28302702.788440704,0.0,0.0,0.0,89469939.21562059
2024-11-04,107890203.54958726,25275973.172386564,174373502.68017054,107890203.54958726,107890203.54958726,-10737696.139189215,-10737696.139189215,-10737696.139189215,-7999307.3209477505,-7999307.3209477505,-7999307.3209477505,18356532.429721545,18356532.429721545,18356532.429721545,10357225.108773796,10357225.108773796,10357225.108773796,0.0,0.0,0.0,-21094921.24796301,-21094921.24796301,-21094921.24796301,0.0,0.0,0.0,97152507.41039805
2024-11-11,108364990.20388702,36289627.55980825,177656645.32369003,108364990.20388702,108364990.20388702,-890881.7524953877,-890881.7524953877,-890881.7524953877,-7999307.3209477505,-7999307.3209477505,-7999307.3209477505,18356532.429721545,18356532.429721545,18356532.429721545,10357225.108773796,10357225.108773796,10357225.108773796,0.0,0.0,0.0,-11248106.861269183,-11248106.861269183,-11248106.861269183,0.0,0.0,0.0,107474108.45139162
2024-11-18,108839776.85818677,40187533.13244682,183121453.41899994,108839776.85818677,108839776.85818677,4913791.135026225,4913791.135026225,4913791.135026225,-7999307.3209477505,-7999307.3209477505,-7999307.3209477505,18356532.429721545,18356532.429721545,18356532.429721545,10357225.108773796,10357225.108773796,10357225.108773796,0.0,0.0,0.0,-5443433.973747571,-5443433.973747571,-5443433.973747571,0.0,0.0,0.0,113753567.993213
2024-11-25,109314563.51248655,37426039.93217295,186240953.91868186,109314563.51248655,109314563.51248655,3357826.032645403,3357826.032645403,3357826.032645403,-7999307.3209477505,-7999307.3209477505,-7999307.3209477505,18356532.429721545,18356532.429721545,18356532.429721545,10357225.108773796,10357225.108773796,10357225.108773796,0.0,0.0,0.0,-6999399.076128392,-6999399.076128392,-6999399.076128392,0.0,0.0,0.0,112672389.54513195
2024-12-02,109789350.1667863,30835229.705856536,182100206.04229084,109789350.1667863,109789350.1667863,-3555737.1970894313,-3555737.1970894313,-3555737.1970894313,-7999307.3209477505,-7999307.3209477505,-7999307.3209477505,18356532.429721545,18356532.429721545,18356532.429721545,10357225.108773796,10357225.108773796,10357225.108773796,0.0,0.0,0.0,-13912962.305863226,-13912962.305863226,-13912962.305863226,0.0,0.0,0.0,106233612.96969686
2024-12-09,110264136.82108605,23633087.38051453,169923430.52353066,110264136.82108605,110264136.82108605,-10778928.153703045,-10778928.153703045,-10778928.153703045,-7999307.3209477505,-7999307.3209477505,-7999307.3209477505,18356532.429721545,18356532.429721545,18356532.429721545,10357225.108773796,10357225.108773796,10357225.108773796,0.0,0.0,0.0,-21136153.262476843,-21136153.262476843,-21136153.262476843,0.0,0.0,0.0,99485208.667383
2024-12-16,110738923.47538581,23091406.7857661,167015365.0647955,110738923.47538581,110738923.47538581,-14090553.271167662,-14090553.271167662,-14090553.271167662,-7999307.3209477505,-7999307.3209477505,-7999307.3209477505,18356532.429721545,18356532.429721545,18356532.429721545,10357225.108773796,10357225.108773796,10357225.108773796,0.0,0.0,0.0,-24447778.379941456,-24447778.379941456,-24447778.379941456,0.0,0.0,0.0,96648370.20421815
2024-12-23,111213710.12968558,27446038.790855348,168678761.3935691,111213710.12968558,111213710.12968558,-12082039.915949365,-12082039.915949365,-12082039.915949365,-7999307.3209477505,-7999307.3209477505,-7999307.3209477505,18356532.429721545,18356532.429721545,18356532.429721545,10357225.108773796,10357225.108773796,10357225.108773796,0.0,0.0,0.0,-22439265.02472316,-22439265.02472316,-22439265.02472316,0.0,0.0,0.0,99131670.21373622
2024-12-30,111688496.78398535,35963997.27172665,177669481.75764766,111688496.78398535,111688496.78398535,-5558430.423804757,-5558430.423804757,-5558430.423804757,-7999307.3209477505,-7999307.3209477505,-7999307.3209477505,18356532.429721545,18356532.429721545,18356532.429721545,10357225.108773796,10357225.108773796,10357225.108773796,0.0,0.0,0.0,-15915655.532578552,-15915655.532578552,-15915655.532578552,0.0,0.0,0.0,106130066.36018059
2025-01-05,112095456.77338515,39721403.17726495,183728169.889873,112095456.71549879,112095456.83104728,2236402.649701656,2236402.649701656,2236402.649701656,-7999307.3209477505,-7999307.3209477505,-7999307.3209477505,18356532.429721545,18356532.429721545,18356532.429721545,10357225.108773796,10357225.108773796,10357225.108773796,0.0,0.0,0.0,-8120822.459072139,-8120822.459072139,-8120822.459072139,0.0,0.0,0.0,114331859.4230868
2025-01-12,112570243.42768489,52209640.0607508,190203425.07353032,112570243.2342096,112570243.60946447,11507156.274490783,11507156.274490783,11507156.274490783,-7999307.3209477505,-7999307.3209477505,-7999307.3209477505,18356532.429721545,18356532.429721545,18356532.429721545,10357225.108773796,10357225.108773796,10357225.108773796,0.0,0.0,0.0,1149931.165716986,1149931.165716986,1149931.165716986,0.0,0.0,0.0,124077399.70217568
2025-01-19,113045030.08198465,58494857.06673229,200940730.11574337,113045029.7283154,113045030.43349895,17579982.363718983,17579982.363718983,17579982.363718983,-7999307.3209477505,-7999307.3209477505,-7999307.3209477505,18356532.429721545,18356532.429721545,18356532.429721545,10357225.108773796,10357225.108773796,10357225.108773796,0.0,0.0,0.0,7222757.25494519,7222757.25494519,7222757.25494519,0.0,0.0,0.0,130625012.44570364
2025-01-26,113519816.73628439,59130142.397961,198865185.521283,113519816.2353512,113519817.27307105,17731930.37542488,17731930.37542488,17731930.37542488,-7999307.3209477505,-7999307.3209477505,-7999307.3209477505,18356532.429721545,18356532.429721545,18356532.429721545,10357225.108773796,10357225.108773796,10357225.108773796,0.0,0.0,0.0,7374705.266651084,7374705.266651084,7374705.266651084,0.0,0.0,0.0,131251747.11170927
2025-02-02,113994603.39058416,55511880.703178674,202098909.36754256,113994602.68917535,113994604.18107563,13318218.694977855,13318218.694977855,13318218.694977855,-7999307.3209477505,-7999307.3209477505,-7999307.3209477505,18356532.429721545,18356532.429721545,18356532.429721545,10357225.108773796,10357225.108773796,10357225.108773796,0.0,0.0,0.0,2960993.586204061,2960993.586204061,2960993.586204061,0.0,0.0,0.0,127312822.085562
2025-02-09,114469390.04488392,53963167.60799388,197891112.87939084,114469389.1423965,114469391.0600533,11215349.973990835,11215349.973990835,11215349.973990835,-7999307.3209477505,-7999307.3209477505,-7999307.3209477505,18356532.429721545,18356532.429721545,18356532.429721545,10357225.108773796,10357225.108773796,10357225.108773796,0.0,0.0,0.0,858124.8652170389,858124.8652170389,858124.8652170389,0.0,0.0,0.0,125684740.01887476
2025-02-16,114944176.69918369,58657069.87270189,209553237.76909366,114944175.53118576,114944177.93451153,20045450.9713118,20045450.9713118,20045450.9713118,-7999307.3209477505,-7999307.3209477505,-7999307.3209477505,18356532.429721545,18356532.429721545,18356532.429721545,10357225.108773796,10357225.108773796,10357225.108773796,0.0,0.0,0.0,9688225.862538002,9688225.862538002,9688225.862538002,0.0,0.0,0.0,134989627.67049548
2025-02-23,115418963.35348345,86847553.45048976,230131372.93309712,115418961.94544017,115418964.84410287,42477036.17036161,42477036.17036161,42477036.17036161,-7999307.3209477505,-7999307.3209477505,-7999307.3209477505,18356532.429721545,18356532.429721545,18356532.429721545,10357225.108773796,10357225.108773796,10357225.108773796,0.0,0.0,0.0,32119811.06158781,32119811.06158781,32119811.06158781,0.0,0.0,0.0,157895999.52384508
2025-03-02,115893750.0077832,113251810.51970018,251728306.09492,115893748.40288913,115893751.75097695,70061250.71640085,70061250.71640085,70061250.71640085,-7999307.3209477505,-7999307.3209477505,-7999307.3209477505,18356532.429721545,18356532.429721545,18356532.429721545,10357225.108773796,10357225.108773796,10357225.108773796,0.0,0.0,0.0,59704025.60762705,59704025.60762705,59704025.60762705,0.0,0.0,0.0,185955000.72418404
2025-03-09,116368536.66208297,129841032.09367971,267993719.031822,116368534.81953366,116368538.69436844,86749252.48085095,86749252.48085095,86749252.48085095,-7999307.3209477505,-7999307.3209477505,-7999307.3209477505,18356532.429721545,18356532.429721545,18356532.429721545,10357225.108773796,10357225.108773796,10357225.108773796,0.0,0.0,0.0,76392027.37207715,76392027.37207715,76392027.37207715,0.0,0.0,0.0,203117789.1429339
2025-03-16,116843323.3163827,123492248.2991917,265092387.59196675,116843321.15731487,116843325.65027912,80221650.033508,80221650.033508,80221650.033508,-7999307.3209477505,-7999307.3209477505,-7999307.3209477505,18356532.429721545,18356532.429721545,18356532.429721545,10357225.108773796,10357225.108773796,10357225.108773796,0.0,0.0,0.0,69864424.92473422,69864424.92473422,69864424.92473422,0.0,0.0,0.0,197064973.3498907
2025-03-23,117318109.97068247,98569116.01283541,241794623.89406154,117318107.40634334,117318112.62934531,52296561.3302842,52296561.3302842,52296561.3302842,-7999307.3209477505,-7999307.3209477505,-7999307.3209477505,18356532.429721545,18356532.429721545,18356532.429721545,10357225.108773796,10357225.108773796,10357225.108773796,0.0,0.0,0.0,41939336.22151041,41939336.22151041,41939336.22151041,0.0,0.0,0.0,169614671.30096668
2025-03-30,117792896.62498224,64915856.87656164,203304123.33488294,117792893.77233878,117792899.68814348,18897226.861033212,18897226.861033212,18897226.861033212,-7999307.3209477505,-7999307.3209477505,-7999307.3209477505,18356532.429721545,18356532.429721545,18356532.429721545,10357225.108773796,10357225.108773796,10357225.108773796,0.0,0.0,0.0,8540001.752259417,8540001.752259417,8540001.752259417,0.0,0.0,0.0,136690123.48601544
2025-04-06,118267683.279282,44235877.697858304,191476205.69765955,118267680.1588999,118267686.60836881,-1640704.089422171,-1640704.089422171,-1640704.089422171,-7999307.3209477505,-7999307.3209477505,-7999307.3209477505,18356532.429721545,18356532.429721545,18356532.429721545,10357225.108773796,10357225.108773796,10357225.108773796,0.0,0.0,0.0,-11997929.198195968,-11997929.198195968,-11997929.198195968,0.0,0.0,0.0,116626979.18985984
2025-04-13,118742469.93358177,44124278.65350344,189153107.79953286,118742466.36914353,118742473.58020504,-2620871.7731383736,-2620871.7731383736,-2620871.7731383736,-7999307.3209477505,-7999307.3209477505,-7999307.3209477505,18356532.429721545,18356532.429721545,18356532.429721545,10357225.108773796,10357225.108773796,10357225.108773796,0.0,0.0,0.0,-12978096.881912172,-12978096.881912172,-12978096.881912172,0.0,0.0,0.0,116121598.1604434
2025-04-20,119217256.58788154,54557307.036206536,198388673.09159636,119217252.66059005,119217260.64651537,6722269.7121743625,6722269.7121743625,6722269.7121743625,-7999307.3209477505,-7999307.3209477505,-7999307.3209477505,18356532.429721545,18356532.429721545,18356532.429721545,10357225.108773796,10357225.108773796,10357225.108773796,0.0,0.0,0.0,-3634955.3965994334,-3634955.3965994334,-3634955.3965994334,0.0,0.0,0.0,125939526.30005589
2025-04-27,119692043.24218129,60129381.14188104,202114083.6427812,119692038.92448492,119692047.53560372,10531644.957358683,10531644.957358683,10531644.957358683,-7999307.3209477505,-7999307.3209477505,-7999307.3209477505,18356532.429721545,18356532.429721545,18356532.429721545,10357225.108773796,10357225.108773796,10357225.108773796,0.0,0.0,0.0,174419.8485848854,174419.8485848854,174419.8485848854,0.0,0.0,0.0,130223688.19953997
2025-05-04,120166829.89648102,46400256.71113356,192845859.39443487,120166825.06548086,120166834.57890706,827817.5135061683,827817.5135061683,827817.5135061683,-7999307.3209477505,-7999307.3209477505,-7999307.3209477505,18356532.429721545,18356532.429721545,18356532.429721545,10357225.108773796,10357225.108773796,10357225.108773796,0.0,0.0,0.0,-9529407.595267626,-9529407.595267626,-9529407.595267626,0.0,0.0,0.0,120994647.4099872
2025-05-11,120641616.55078079,32690887.54755527,180057478.7102342,120641611.45254445,120641621.74030395,-15961638.679666484,-15961638.679666484,-15961638.679666484,-7999307.3209477505,-7999307.3209477505,-7999307.3209477505,18356532.429721545,18356532.429721545,18356532.429721545,10357225.108773796,10357225.108773796,10357225.108773796,0.0,0.0,0.0,-26318863.78844028,-26318863.78844028,-26318863.78844028,0.0,0.0,0.0,104679977.8711143
2025-05-18,121116403.20508055,18096330.215879895,171967879.933188,121116397.84814899,121116408.7456369,-26078411.00382184,-26078411.00382184,-26078411.00382184,-7999307.3209477505,-7999307.3209477505,-7999307.3209477505,18356532.429721545,18356532.429721545,18356532.429721545,10357225.108773796,10357225.108773796,10357225.108773796,0.0,0.0,0.0,-36435636.11259564,-36435636.11259564,-36435636.11259564,0.0,0.0,0.0,95037992.20125872
2025-05-25,121591189.85938032,22133864.235547263,173716024.0852541,121591184.10269697,121591195.83153418,-21892874.77328488,-21892874.77328488,-21892874.77328488,-7999307.3209477505,-7999307.3209477505,-7999307.3209477505,18356532.429721545,18356532.429721545,18356532.429721545,10357225.108773796,10357225.108773796,10357225.108773796,0.0,0.0,0.0,-32250099.882058676,-32250099.882058676,-32250099.882058676,0.0,0.0,0.0,99698315.08609544
2025-06-01,122065976.51368009,31651999.006641075,183295129.99326673,122065970.4186871,122065982.90244134,-8684189.799653314,-8684189.799653314,-8684189.799653314,-7999307.3209477505,-7999307.3209477505,-7999307.3209477505,18356532.429721545,18356532.429721545,18356532.429721545,10357225.108773796,10357225.108773796,10357225.108773796,0.0,0.0,0.0,-19041414.90842711,-19041414.90842711,-19041414.90842711,0.0,0.0,0.0,113381786.71402678
2025-06-08,122540763.16797985,56846335.729048945,204958574.60627198,122540756.57225516,122540770.03856619,1444886.1612864395,1444886.1612864395,1444886.1612864395,-7999307.3209477505,-7999307.3209477505,-7999307.3209477505,18356532.429721545,18356532.429721545,18356532.429721545,10357225.108773796,10357225.108773796,10357225.108773796,0.0,0.0,0.0,-8912338.947487356,-8912338.947487356,-8912338.947487356,0.0,0.0,0.0,123985649.3292663
2025-06-15,123015549.82227959,50620393.71145052,200507871.17470983,123015542.97096944,123015557.33817619,1896775.1735111855,1896775.1735111855,1896775.1735111855,-7999307.3209477505,-7999307.3209477505,-7999307.3209477505,18356532.429721545,18356532.429721545,18356532.429721545,10357225.108773796,10357225.108773796,10357225.108773796,0.0,0.0,0.0,-8460449.935262611,-8460449.935262611,-8460449.935262611,0.0,0.0,0.0,124912324.99579078
2025-06-22,123490336.47657935,49891546.99964857,195729043.7386532,123490329.20854458,123490344.52333099,-2478468.7446760363,-2478468.7446760363,-2478468.7446760363,-7999307.3209477505,-7999307.3209477505,-7999307.3209477505,18356532.429721545,18356532.429721545,18356532.429721545,10357225.108773796,10357225.108773796,10357225.108773796,0.0,0.0,0.0,-12835693.853449835,-12835693.853449835,-12835693.853449835,0.0,0.0,0.0,121011867.73190331
2025-06-29,123965123.1308791,45457046.032720864,190388128.95444027,123965115.29345872,123965131.64334153,-1694734.073436446,-1694734.073436446,-1694734.073436446,-7999307.3209477505,-7999307.3209477505,-7999307.3209477505,18356532.429721545,18356532.429721545,18356532.429721545,10357225.108773796,10357225.108773796,10357225.108773796,0.0,0.0,0.0,-12051959.182210242,-12051959.182210242,-12051959.182210242,0.0,0.0,0.0,122270389.05744267
2025-07-06,124439909.78517887,59743528.45123495,199663794.08926016,124439901.53697833,124439918.74903864,7583803.269124379,7583803.269124379,7583803.269124379,-7999307.3209477505,-7999307.3209477505,-7999307.3209477505,18356532.429721545,18356532.429721545,18356532.429721545,10357225.108773796,10357225.108773796,10357225.108773796,0.0,0.0,0.0,-2773421.839649417,-2773421.839649417,-2773421.839649417,0.0,0.0,0.0,132023713.05430324
2025-07-13,124914696.43947864,70799009.12563889,217097177.46487552,124914687.7444607,124914705.85458292,17240025.84610754,17240025.84610754,17240025.84610754,-7999307.3209477505,-7999307.3209477505,-7999307.3209477505,18356532.429721545,18356532.429721545,18356532.429721545,10357225.108773796,10357225.108773796,10357225.108773796,0.0,0.0,0.0,6882800.737333742,6882800.737333742,6882800.737333742,0.0,0.0,0.0,142154722.28558618
2025-07-20,125389483.0937784,72706568.86280814,218221962.37353814,125389473.72466382,125389493.03405997,15274699.72748435,15274699.72748435,15274699.72748435,-7999307.3209477505,-7999307.3209477505,-7999307.3209477505,18356532.429721545,18356532.429721545,18356532.429721545,10357225.108773796,10357225.108773796,10357225.108773796,0.0,0.0,0.0,4917474.618710551,4917474.618710551,4917474.618710551,0.0,0.0,0.0,140664182.82126275
2025-07-27,125864269.74807817,53008621.76251159,201068040.3570979,125864259.92354603,125864280.15226789,-1498404.4510715299,-1498404.4510715299,-1498404.4510715299,-7999307.3209477505,-7999307.3209477505,-7999307.3209477505,18356532.429721545,18356532.429721545,18356532.429721545,10357225.108773796,10357225.108773796,10357225.108773796,0.0,0.0,0.0,-11855629.559845326,-11855629.559845326,-11855629.559845326,0.0,0.0,0.0,124365865.29700664
2025-08-03,126339056.4023779,30410659.561127257,170585280.8754727,126339046.13513356,126339067.19021463,-22297396.104235478,-22297396.104235478,-22297396.104235478,-7999307.3209477505,-7999307.3209477505,-7999307.3209477505,18356532.429721545,18356532.429721545,18356532.429721545,10357225.108773796,10357225.108773796,10357225.108773796,0.0,0.0,0.0,-32654621.213009275,-32654621.213009275,-32654621.213009275,0.0,0.0,0.0,104041660.29814243
2025-08-10,126813843.05667767,22464043.84729912,170229197.1908371,126813832.32435675,126813854.43991005,-30220484.568100404,-30220484.568100404,-30220484.568100404,-7999307.3209477505,-7999307.3209477505,-7999307.3209477505,18356532.429721545,18356532.429721545,18356532.429721545,10357225.108773796,10357225.108773796,10357225.108773796,0.0,0.0,0.0,-40577709.6768742,-40577709.6768742,-40577709.6768742,0.0,0.0,0.0,96593358.48857726
2025-08-17,127288629.71097742,39854186.08295122,187059244.9735782,127288618.48854879,127288641.85515122,-16069291.489027116,-16069291.489027116,-16069291.489027116,-7999307.3209477505,-7999307.3209477505,-7999307.3209477505,18356532.429721545,18356532.429721545,18356532.429721545,10357225.108773796,10357225.108773796,10357225.108773796,0.0,0.0,0.0,-26426516.597800914,-26426516.597800914,-26426516.597800914,0.0,0.0,0.0,111219338.22195031
2025-08-24,127763416.36527719,71985104.88735025,206990359.47041845,127763404.66569391,127763429.0254838,14303904.36514091,14303904.36514091,14303904.36514091,-7999307.3209477505,-7999307.3209477505,-7999307.3209477505,18356532.429721545,18356532.429721545,18356532.429721545,10357225.108773796,10357225.108773796,10357225.108773796,0.0,0.0,0.0,3946679.256367115,3946679.256367115,3946679.256367115,0.0,0.0,0.0,142067320.7304181
2025-08-31,128238203.01957695,104013651.64655583,251831815.6966317,128238190.84527451,128238216.19581634,45046135.18290853,45046135.18290853,45046135.18290853,-7999307.3209477505,-7999307.3209477505,-7999307.3209477505,18356532.429721545,18356532.429721545,18356532.429721545,10357225.108773796,10357225.108773796,10357225.108773796,0.0,0.0,0.0,34688910.07413473,34688910.07413473,34688910.07413473,0.0,0.0,0.0,173284338.20248547
2025-09-07,128712989.67387672,122472788.2003668,267857529.3123006,128712976.98063341,128713003.58248758,62225861.83286657,62225861.83286657,62225861.83286657,-7999307.3209477505,-7999307.3209477505,-7999307.3209477505,18356532.429721545,18356532.429721545,18356532.429721545,10357225.108773796,10357225.108773796,10357225.108773796,0.0,0.0,0.0,51868636.724092774,51868636.724092774,51868636.724092774,0.0,0.0,0.0,190938851.50674328
2025-09-14,129187776.32817648,120642300.5732634,262201693.5954981,129187763.20174676,129187790.70358463,61960414.70218209,61960414.70218209,61960414.70218209,-7999307.3209477505,-7999307.3209477505,-7999307.3209477505,18356532.429721545,18356532.429721545,18356532.429721545,10357225.108773796,10357225.108773796,10357225.108773796,0.0,0.0,0.0,51603189.593408294,51603189.593408294,51603189.593408294,0.0,0.0,0.0,191148191.03035858
2025-09-21,129662562.98247625,109166816.2209064,250896816.07128772,129662549.36662269,129662578.0205832,49281949.456184655,49281949.456184655,49281949.456184655,-7999307.3209477505,-7999307.3209477505,-7999307.3209477505,18356532.429721545,18356532.429721545,18356532.429721545,10357225.108773796,10357225.108773796,10357225.108773796,0.0,0.0,0.0,38924724.34741086,38924724.34741086,38924724.34741086,0.0,0.0,0.0,178944512.43866092
2025-09-28,130137349.63677599,89251708.38430843,231710636.05822438,130137335.53484915,130137365.25602196,31429664.743174173,31429664.743174173,31429664.743174173,-7999307.3209477505,-7999307.3209477505,-7999307.3209477505,18356532.429721545,18356532.429721545,18356532.429721545,10357225.108773796,10357225.108773796,10357225.108773796,0.0,0.0,0.0,21072439.63440038,21072439.63440038,21072439.63440038,0.0,0.0,0.0,161567014.37995017
2025-10-05,130612136.29107575,66782932.94329264,212946808.57854366,130612121.80999203,130612152.24511534,13051371.98227748,13051371.98227748,13051371.98227748,-7999307.3209477505,-7999307.3209477505,-7999307.3209477505,18356532.429721545,18356532.429721545,18356532.429721545,10357225.108773796,10357225.108773796,10357225.108773796,0.0,0.0,0.0,2694146.873503684,2694146.873503684,2694146.873503684,0.0,0.0,0.0,143663508.27335322
2025-10-12,131086922.94537552,54715618.48662836,200629583.74105594,131086908.12514266,131086939.2271152,-3384691.248013334,-3384691.248013334,-3384691.248013334,-7999307.3209477505,-7999307.3209477505,-7999307.3209477505,18356532.429721545,18356532.429721545,18356532.429721545,10357225.108773796,10357225.108773796,10357225.108773796,0.0,0.0,0.0,-13741916.356787128,-13741916.356787128,-13741916.356787128,0.0,0.0,0.0,127702231.69736218
2025-10-19,131561709.59967525,41394822.22915004,188619058.32115015,131561694.2715,131561726.3207947,-15051257.05302254,-15051257.05302254,-15051257.05302254,-7999307.3209477505,-7999307.3209477505,-7999307.3209477505,18356532.429721545,18356532.429721545,18356532.429721545,10357225.108773796,10357225.108773796,10357225.108773796,0.0,0.0,0.0,-25408482.16179634,-25408482.16179634,-25408482.16179634,0.0,0.0,0.0,116510452.54665272
2025-10-26,132036496.25397502,36877770.694915675,191687438.75765905,132036480.40808827,132036513.36942373,-18712733.372368872,-18712733.372368872,-18712733.372368872,-7999307.3209477505,-7999307.3209477505,-7999307.3209477505,18356532.429721545,18356532.429721545,18356532.429721545,10357225.108773796,10357225.108773796,10357225.108773796,0.0,0.0,0.0,-29069958.48114267,-29069958.48114267,-29069958.48114267,0.0,0.0,0.0,113323762.88160615
2025-11-02,132511282.9082748,46328152.73105138,189607818.75724533,132511266.45454237,132511300.36047994,-13669896.296257123,-13669896.296257123,-13669896.296257123,-7999307.3209477505,-7999307.3209477505,-7999307.3209477505,18356532.429721545,18356532.429721545,18356532.429721545,10357225.108773796,10357225.108773796,10357225.108773796,0.0,0.0,0.0,-24027121.40503092,-24027121.40503092,-24027121.40503092,0.0,0.0,0.0,118841386.61201768
2025-11-09,132986069.56257457,54916785.00243645,206269782.47379446,132986052.46857503,132986087.47357318,-3908785.974719723,-3908785.974719723,-3908785.974719723,-7999307.3209477505,-7999307.3209477505,-7999307.3209477505,18356532.429721545,18356532.429721545,18356532.429721545,10357225.108773796,10357225.108773796,10357225.108773796,0.0,0.0,0.0,-14266011.083493521,-14266011.083493521,-14266011.083493521,0.0,0.0,0.0,129077283.58785485
2025-11-16,133460856.2168743,65593145.816053525,208482841.95771515,133460838.49441017,133460874.86317289,3799411.2626869697,3799411.2626869697,3799411.2626869697,-7999307.3209477505,-7999307.3209477505,-7999307.3209477505,18356532.429721545,18356532.429721545,18356532.429721545,10357225.108773796,10357225.108773796,10357225.108773796,0.0,0.0,0.0,-6557813.846086828,-6557813.846086828,-6557813.846086828,0.0,0.0,0.0,137260267.47956127
2025-11-23,133935642.87117407,63777257.55012941,216088161.76700735,133935624.49962091,133935662.23536257,4635856.925078245,4635856.925078245,4635856.925078245,-7999307.3209477505,-7999307.3209477505,-7999307.3209477505,18356532.429721545,18356532.429721545,18356532.429721545,10357225.108773796,10357225.108773796,10357225.108773796,0.0,0.0,0.0,-5721368.183695552,-5721368.183695552,-5721368.183695552,0.0,0.0,0.0,138571499.7962523
2025-11-30,134410429.52547383,64060520.69462459,203776477.93556392,134410410.5157295,134410449.55163667,-1040132.5102475149,-1040132.5102475149,-1040132.5102475149,-7999307.3209477505,-7999307.3209477505,-7999307.3209477505,18356532.429721545,18356532.429721545,18356532.429721545,10357225.108773796,10357225.108773796,10357225.108773796,0.0,0.0,0.0,-11397357.619021311,-11397357.619021311,-11397357.619021311,0.0,0.0,0.0,133370297.01522632
2025-12-07,134885216.17977357,53655367.342223525,196857530.46040982,134885196.72119892,134885236.83252347,-8731994.403896576,-8731994.403896576,-8731994.403896576,-7999307.3209477505,-7999307.3209477505,-7999307.3209477505,18356532.429721545,18356532.429721545,18356532.429721545,10357225.108773796,10357225.108773796,10357225.108773796,0.0,0.0,0.0,-19089219.51267037,-19089219.51267037,-19089219.51267037,0.0,0.0,0.0,126153221.775877
2025-12-14,135360002.83407333,45973290.35755457,197914999.07700267,135359982.71097717,135360024.13909215,-13596442.486199418,-13596442.486199418,-13596442.486199418,-7999307.3209477505,-7999307.3209477505,-7999307.3209477505,18356532.429721545,18356532.429721545,18356532.429721545,10357225.108773796,10357225.108773796,10357225.108773796,0.0,0.0,0.0,-23953667.594973218,-23953667.594973218,-23953667.594973218,0.0,0.0,0.0,121763560.34787391
2025-12-21,135834789.4883731,51796434.716910936,194401654.4508332,135834768.57420078,135834811.38021475,-13287600.392246531,-13287600.392246531,-13287600.392246531,-7999307.3209477505,-7999307.3209477505,-7999307.3209477505,18356532.429721545,18356532.429721545,18356532.429721545,10357225.108773796,10357225.108773796,10357225.108773796,0.0,0.0,0.0,-23644825.501020327,-23644825.501020327,-23644825.501020327,0.0,0.0,0.0,122547189.09612657
2025-12-28,136309576.14267287,54017065.384233475,197343724.92843643,136309554.48389852,136309598.61415428,-8049407.85968819,-8049407.85968819,-8049407.85968819,-7999307.3209477505,-7999307.3209477505,-7999307.3209477505,18356532.429721545,18356532.429721545,18356532.429721545,10357225.108773796,10357225.108773796,10357225.108773796,0.0,0.0,0.0,-18406632.968461983,-18406632.968461983,-18406632.968461983,0.0,0.0,0.0,128260168.28298467
